order_id,signal_id,account_id,client_id,mt5_ticket,symbol,direction,open_price,close_price,lot,sl,tp,commission,swap,profit,order_status,open_time,close_time,close_reason,trail_state,error_code,error_msg,created_at,updated_at
2,,6,,355666692,XAUUSD,BUY,4037.91000,4030.80000,0.01,4029.85000,4054.12000,0.00,0.00,-7.11,1,2026-07-16 04:25:04+00,2026-07-16 02:15:27.158868+00,sync_reconcile,,0,,2026-07-16 02:15:27.159721+00,2026-07-16 02:15:27.159721+00
3,,6,,355678611,XAUUSD,SELL,4041.48000,4033.95000,0.01,4034.29000,4024.75000,0.00,0.00,7.53,1,2026-07-16 04:35:04+00,2026-07-16 02:21:43.272987+00,sync_reconcile,,0,,2026-07-16 02:21:43.276984+00,2026-07-16 02:21:43.276984+00
5,,6,,355687919,XAUUSD,SELL,4042.19000,4033.95000,0.01,4034.27000,4024.61000,0.00,0.00,8.24,1,2026-07-16 04:45:06+00,2026-07-16 02:21:43.272987+00,sync_reconcile,,0,,2026-07-16 02:21:43.287375+00,2026-07-16 02:21:43.287375+00
7,,6,,355726703,XAUUSD,SELL,4031.96000,4031.01000,0.01,4031.33000,4020.54000,0.00,0.00,0.95,1,2026-07-16 05:35:02+00,2026-07-16 02:55:48.244298+00,sync_reconcile,,0,,2026-07-16 02:55:48.247656+00,2026-07-16 02:55:48.247656+00
10,,6,,355750354,XAUUSD,SELL,4030.74000,4036.20000,0.01,4036.37000,4019.43000,0.00,0.00,-5.46,1,2026-07-16 06:05:03+00,2026-07-16 03:42:25.072297+00,sync_reconcile,,0,,2026-07-16 03:42:25.074916+00,2026-07-16 03:42:25.074916+00
12,,6,,356053916,XAUUSD,BUY,4029.71000,4026.06000,0.01,4025.70000,4037.28000,0.00,0.00,-3.65,1,2026-07-16 14:00:05+00,2026-07-16 11:15:25.303185+00,sync_reconcile,,0,,2026-07-16 11:15:25.305115+00,2026-07-16 11:15:25.305115+00
13,,6,,356064343,XAUUSD,BUY,4028.05000,4024.57000,0.01,4024.40000,4035.36000,0.00,0.00,-3.48,1,2026-07-16 14:15:05+00,2026-07-16 11:24:45.548226+00,sync_reconcile,,0,,2026-07-16 11:24:45.551188+00,2026-07-16 11:24:45.551188+00
14,,6,,356070178,XAUUSD,BUY,4025.26000,4023.94000,0.01,4021.49000,4032.81000,0.00,0.00,-1.32,1,2026-07-16 14:25:10+00,2026-07-16 11:24:58.143207+00,sync_reconcile,,0,,2026-07-16 11:24:58.145253+00,2026-07-16 11:24:58.145253+00
15,,6,,356078920,XAUUSD,BUY,4024.68000,4032.71000,0.02,4029.44000,4032.78000,0.00,0.00,16.06,1,2026-07-16 14:30:05+00,2026-07-16 11:41:52.206378+00,sync_reconcile,,0,,2026-07-16 11:41:52.208479+00,2026-07-16 11:41:52.208479+00
16,,6,,356093062,XAUUSD,SELL,4034.95000,4039.81000,0.01,4039.83000,4025.17000,0.00,0.00,-4.86,1,2026-07-16 14:45:01+00,2026-07-16 11:46:17.383875+00,sync_reconcile,,0,,2026-07-16 11:46:17.385971+00,2026-07-16 11:46:17.385971+00
17,,6,,356122362,XAUUSD,SELL,4038.52000,4024.20000,0.01,4030.67000,4024.05000,0.00,0.00,14.32,1,2026-07-16 15:00:06+00,2026-07-16 12:15:22.475463+00,sync_reconcile,,0,,2026-07-16 12:15:22.479666+00,2026-07-16 12:15:22.479666+00
18,,6,,356181770,XAUUSD,BUY,4022.67000,4013.23000,0.01,4010.05000,4047.98000,0.00,0.00,-9.44,1,2026-07-16 15:30:08+00,2026-07-16 12:40:02.805994+00,sync_reconcile,,0,,2026-07-16 12:40:02.809456+00,2026-07-16 12:40:02.809456+00
19,,6,,356241451,XAUUSD,BUY,3995.55000,3990.06000,0.01,3981.85000,4022.67000,0.00,0.00,-5.49,1,2026-07-16 15:55:03+00,2026-07-16 13:01:52.804648+00,sync_reconcile,,0,,2026-07-16 13:01:52.80808+00,2026-07-16 13:01:52.80808+00
20,,6,,356231580,XAUUSD,BUY,3998.78000,3990.06000,0.01,3984.25000,4026.97000,0.00,0.00,-8.72,1,2026-07-16 15:50:08+00,2026-07-16 13:01:52.804648+00,sync_reconcile,,0,,2026-07-16 13:01:52.819595+00,2026-07-16 13:01:52.819595+00
21,,6,,356218010,XAUUSD,BUY,4002.29000,3990.06000,0.03,3988.55000,4030.01000,0.00,0.00,-36.69,1,2026-07-16 15:45:08+00,2026-07-16 13:01:52.804648+00,sync_reconcile,,0,,2026-07-16 13:01:52.825765+00,2026-07-16 13:01:52.825765+00
22,,6,,356280157,XAUUSD,BUY,3978.97000,3991.92000,0.01,3980.56000,4008.74000,0.00,0.00,12.95,1,2026-07-16 16:05:03+00,2026-07-16 13:21:07.182594+00,sync_reconcile,,0,,2026-07-16 13:21:07.185435+00,2026-07-16 13:21:07.185435+00
23,,6,,356305657,XAUUSD,SELL,3993.04000,3992.15000,0.01,4008.69000,3961.86000,0.00,0.00,0.89,1,2026-07-16 16:15:08+00,2026-07-16 13:21:07.182594+00,sync_reconcile,,0,,2026-07-16 13:21:07.195189+00,2026-07-16 13:21:07.195189+00
24,,6,,356480045,XAUUSD,SELL,4004.30000,3996.17000,0.01,3996.64000,3984.85000,0.00,0.00,8.13,1,2026-07-16 17:45:08+00,2026-07-16 15:16:50.668975+00,sync_reconcile,,0,,2026-07-16 15:16:50.674075+00,2026-07-16 15:16:50.674075+00
25,,6,,356558137,XAUUSD,BUY,4010.33000,4001.25000,0.01,4000.94000,4028.96000,0.00,0.00,-9.08,1,2026-07-16 18:45:06+00,2026-07-16 16:02:54.954768+00,sync_reconcile,,0,,2026-07-16 16:02:54.956763+00,2026-07-16 16:02:54.956763+00
26,,6,,356542768,XAUUSD,SELL,4011.08000,3991.15000,0.02,3997.48000,3991.00000,0.00,0.00,39.86,1,2026-07-16 18:30:08+00,2026-07-16 16:13:52.903613+00,sync_reconcile,,0,,2026-07-16 16:13:52.909501+00,2026-07-16 16:13:52.909501+00
27,,6,,356669919,XAUUSD,SELL,3984.45000,3989.47000,0.01,3990.28000,3973.30000,0.00,0.00,-5.02,1,2026-07-16 21:00:05+00,2026-07-16 18:21:09.250973+00,sync_reconcile,,0,,2026-07-16 18:21:09.254837+00,2026-07-16 18:21:09.254837+00
28,,6,,356665215,XAUUSD,SELL,3984.65000,3990.45000,0.01,3990.52000,3972.89000,0.00,0.00,-5.80,1,2026-07-16 20:50:33+00,2026-07-16 18:21:15.630903+00,sync_reconcile,,0,,2026-07-16 18:21:15.634403+00,2026-07-16 18:21:15.634403+00
29,,6,,356667996,XAUUSD,SELL,3986.46000,3980.76000,0.01,3980.86000,3974.87000,0.00,0.00,5.70,1,2026-07-16 20:55:05+00,2026-07-16 18:40:27.149658+00,sync_reconcile,,0,,2026-07-16 18:40:27.153416+00,2026-07-16 18:40:27.153416+00
30,,6,,356729069,XAUUSD,BUY,3978.84000,3973.47000,0.01,3973.26000,3990.04000,0.00,0.00,-5.37,1,2026-07-16 22:30:04+00,2026-07-16 19:34:38.240238+00,sync_reconcile,,0,,2026-07-16 19:34:38.241768+00,2026-07-16 19:34:38.241768+00
31,,6,,356720991,XAUUSD,SELL,3980.36000,3973.42000,0.01,3974.30000,3968.75000,0.00,0.00,6.94,1,2026-07-16 22:15:04+00,2026-07-16 19:38:20.649362+00,sync_reconcile,,0,,2026-07-16 19:38:20.654426+00,2026-07-16 19:38:20.654426+00
32,,6,,356748980,XAUUSD,BUY,3975.48000,3977.45000,0.01,3976.12000,3986.91000,0.00,0.00,1.97,1,2026-07-16 22:45:05+00,2026-07-16 20:04:55.007109+00,sync_reconcile,,0,,2026-07-16 20:04:55.014173+00,2026-07-16 20:04:55.014173+00
1,,6,,355666692,XAUUSD,BUY,4037.91000,4030.80000,0.01,4029.85000,4054.12000,0.00,0.00,-7.11,1,2026-07-16 04:25:04+00,2026-07-16 02:15:27.157339+00,sync_reconcile,,0,,2026-07-16 02:15:27.157971+00,2026-07-16 02:15:27.157971+00
4,,6,,355678611,XAUUSD,SELL,4041.48000,4033.95000,0.01,4034.29000,4024.75000,0.00,0.00,7.53,1,2026-07-16 04:35:04+00,2026-07-16 02:21:43.272836+00,sync_reconcile,,0,,2026-07-16 02:21:43.276944+00,2026-07-16 02:21:43.276944+00
6,,6,,355687919,XAUUSD,SELL,4042.19000,4033.95000,0.01,4034.27000,4024.61000,0.00,0.00,8.24,1,2026-07-16 04:45:06+00,2026-07-16 02:21:43.272836+00,sync_reconcile,,0,,2026-07-16 02:21:43.288842+00,2026-07-16 02:21:43.288842+00
8,,6,,355756811,XAUUSD,SELL,4030.17000,4034.73000,0.01,4035.49000,4019.54000,0.00,0.00,-4.56,1,2026-07-16 06:20:03+00,2026-07-16 03:41:57.832298+00,sync_reconcile,,0,,2026-07-16 03:41:57.835939+00,2026-07-16 03:41:57.835939+00
9,,6,,355755159,XAUUSD,SELL,4030.61000,4035.75000,0.01,4036.10000,4019.34000,0.00,0.00,-5.14,1,2026-07-16 06:15:04+00,2026-07-16 03:42:22.976191+00,sync_reconcile,,0,,2026-07-16 03:42:22.979091+00,2026-07-16 03:42:22.979091+00
11,,6,,355776320,XAUUSD,SELL,4035.49000,4032.07000,0.01,4032.23000,4026.65000,0.00,0.00,3.42,1,2026-07-16 06:45:08+00,2026-07-16 05:14:30.042245+00,sync_reconcile,,0,,2026-07-16 05:14:30.046672+00,2026-07-16 05:14:30.046672+00
