position_id,account_id,order_id,client_id,mt5_ticket,symbol,direction,open_price,current_price,lot,sl,tp,float_profit,trail_state,open_time,snapshot_time,updated_at,status
142,6,,,,XAUUSD,SELL,4070.72000,4070.72000,0.02,,,0.00,,2026-07-13 05:38:03.819627+00,2026-07-13 05:38:03.819627+00,2026-07-13 10:50:19.723076+00,closed
143,6,,,,XAUUSD,SELL,4064.84000,4064.84000,0.01,4071.11214,4055.77714,0.00,,2026-07-13 08:04:30.006146+00,2026-07-13 08:04:30.006146+00,2026-07-13 10:50:19.723076+00,closed
144,6,,,,XAUUSD,SELL,4074.90000,4074.90000,0.02,4080.98393,4067.44143,0.00,,2026-07-13 08:19:27.151684+00,2026-07-13 08:19:27.151684+00,2026-07-13 10:50:19.723076+00,closed
145,6,,,,XAUUSD,BUY,4050.96000,4050.96000,0.01,4040.06286,4069.37000,0.00,,2026-07-13 13:54:25.543536+00,2026-07-13 13:54:25.543536+00,2026-07-14 05:54:05.095061+00,closed
149,6,,,,XAUUSD,SELL,4016.54000,4016.54000,0.01,4029.41429,3994.39500,0.00,,2026-07-13 15:29:23.243348+00,2026-07-13 15:29:23.243348+00,2026-07-14 05:54:05.095061+00,closed
175,6,,,,XAUUSD,NO_TRADE,4024.76000,4024.76000,0.01,4030.44857,4014.55750,0.00,,2026-07-14 06:49:23.953179+00,2026-07-14 06:49:23.953179+00,2026-07-14 08:01:07.52551+00,closed
151,6,,,,XAUUSD,BUY,4003.96000,4003.96000,0.01,3999.34429,4013.46750,0.00,,2026-07-13 22:14:24.986218+00,2026-07-13 22:14:24.986218+00,2026-07-14 05:54:05.095061+00,closed
303,6,,,,XAUUSD,NO_TRADE,4024.88000,4024.88000,0.01,4034.13143,4014.32750,0.00,,2026-07-14 07:39:02.51192+00,2026-07-14 07:39:02.51192+00,2026-07-14 08:01:07.52551+00,closed
157,6,,,,XAUUSD,BUY,4003.95000,4003.95000,0.02,3999.77857,4011.11250,0.00,,2026-07-13 22:44:29.753084+00,2026-07-13 22:44:29.753084+00,2026-07-14 05:54:05.095061+00,closed
304,6,,,,XAUUSD,NO_TRADE,4024.88000,4024.88000,0.01,4033.78143,4013.97750,0.00,,2026-07-14 07:39:02.78957+00,2026-07-14 07:39:02.78957+00,2026-07-14 08:01:07.52551+00,closed
305,6,,,,XAUUSD,NO_TRADE,4024.88000,4024.88000,0.01,4033.88143,4014.07750,0.00,,2026-07-14 07:39:03.038379+00,2026-07-14 07:39:03.038379+00,2026-07-14 08:01:07.52551+00,closed
306,6,,,,XAUUSD,NO_TRADE,4024.88000,4024.88000,0.01,4033.92143,4014.11750,0.00,,2026-07-14 07:39:03.284992+00,2026-07-14 07:39:03.284992+00,2026-07-14 08:01:07.52551+00,closed
307,6,,,,XAUUSD,NO_TRADE,4024.88000,4024.88000,0.01,4033.94143,4014.13750,0.00,,2026-07-14 07:39:03.545729+00,2026-07-14 07:39:03.545729+00,2026-07-14 08:01:07.52551+00,closed
153,6,,,,XAUUSD,SELL,4004.91000,4004.91000,0.01,4009.90714,3996.79750,0.00,,2026-07-13 22:19:26.813049+00,2026-07-13 22:19:26.813049+00,2026-07-14 05:54:05.095061+00,closed
155,6,,,,XAUUSD,BUY,4004.26000,4004.26000,0.01,4000.42286,4012.26750,0.00,,2026-07-13 22:29:23.184553+00,2026-07-13 22:29:23.184553+00,2026-07-14 05:54:05.095061+00,closed
147,6,,,,XAUUSD,SELL,4018.16000,4018.16000,0.01,4036.75571,3986.14000,0.00,,2026-07-13 15:19:31.26602+00,2026-07-13 15:19:31.26602+00,2026-07-14 05:54:05.095061+00,closed
308,6,,,,XAUUSD,NO_TRADE,4024.88000,4024.88000,0.01,4033.92143,4014.11750,0.00,,2026-07-14 07:39:03.788822+00,2026-07-14 07:39:03.788822+00,2026-07-14 08:01:07.52551+00,closed
161,6,,,,XAUUSD,NO_TRADE,3997.83000,3997.83000,0.01,4009.04714,3974.84500,0.00,,2026-07-14 01:39:30.327198+00,2026-07-14 01:39:30.327198+00,2026-07-14 05:54:05.095061+00,closed
177,6,,,,XAUUSD,NO_TRADE,4022.27000,4022.27000,0.01,4027.96714,4011.50250,0.00,,2026-07-14 06:59:23.790385+00,2026-07-14 06:59:23.790385+00,2026-07-14 08:01:07.52551+00,closed
323,6,,,,XAUUSD,NO_TRADE,4024.88000,4024.88000,0.01,4033.75143,4013.94750,0.00,,2026-07-14 07:39:09.363065+00,2026-07-14 07:39:09.363065+00,2026-07-14 08:01:07.52551+00,closed
324,6,,,,XAUUSD,NO_TRADE,4024.88000,4024.88000,0.01,4033.74143,4013.93750,0.00,,2026-07-14 07:39:09.607798+00,2026-07-14 07:39:09.607798+00,2026-07-14 08:01:07.52551+00,closed
325,6,,,,XAUUSD,NO_TRADE,4024.88000,4024.88000,0.01,4033.71143,4013.90750,0.00,,2026-07-14 07:39:09.856287+00,2026-07-14 07:39:09.856287+00,2026-07-14 08:01:07.52551+00,closed
179,6,,,,XAUUSD,NO_TRADE,4025.95000,4025.95000,0.01,4032.04571,4015.00750,0.00,,2026-07-14 07:04:23.778596+00,2026-07-14 07:04:23.778596+00,2026-07-14 08:01:07.52551+00,closed
343,6,,,,XAUUSD,NO_TRADE,4024.88000,4024.88000,0.01,4033.66143,4013.85750,0.00,,2026-07-14 07:39:16.466177+00,2026-07-14 07:39:16.466177+00,2026-07-14 08:01:07.52551+00,closed
344,6,,,,XAUUSD,NO_TRADE,4024.88000,4024.88000,0.01,4033.67143,4013.86750,0.00,,2026-07-14 07:39:16.708421+00,2026-07-14 07:39:16.708421+00,2026-07-14 08:01:07.52551+00,closed
159,6,,,,XAUUSD,NO_TRADE,3995.78000,3995.78000,0.01,4009.10286,3972.35500,0.00,,2026-07-14 01:14:25.483238+00,2026-07-14 01:14:25.483238+00,2026-07-14 05:54:05.095061+00,closed
163,6,,,,XAUUSD,NO_TRADE,4002.11000,4002.11000,0.01,4016.08429,3981.17500,0.00,,2026-07-14 01:44:25.324592+00,2026-07-14 01:44:25.324592+00,2026-07-14 05:54:05.095061+00,closed
181,6,,,,XAUUSD,NO_TRADE,4024.88000,4024.88000,0.01,4031.76143,4013.96500,0.00,,2026-07-14 07:14:24.538104+00,2026-07-14 07:14:24.538104+00,2026-07-14 08:01:07.52551+00,closed
165,6,,,,XAUUSD,BUY,4030.85000,4030.85000,0.01,4025.64429,4044.19500,0.00,,2026-07-14 05:59:23.420829+00,2026-07-14 05:59:23.420829+00,2026-07-14 08:01:07.52551+00,closed
363,6,,,,XAUUSD,NO_TRADE,4024.88000,4024.88000,0.01,4033.20000,4014.72000,0.00,,2026-07-14 07:39:19.994304+00,2026-07-14 07:39:19.994304+00,2026-07-14 08:01:07.52551+00,closed
171,6,,,,XAUUSD,BUY,4031.07000,4031.07000,0.01,4024.58143,4042.31500,0.00,,2026-07-14 06:14:22.444747+00,2026-07-14 06:14:22.444747+00,2026-07-14 08:01:07.52551+00,closed
183,6,,,,XAUUSD,NO_TRADE,4024.88000,4024.88000,0.01,4035.88143,4016.07750,0.00,,2026-07-14 07:38:40.836188+00,2026-07-14 07:38:40.836188+00,2026-07-14 08:01:07.52551+00,closed
184,6,,,,XAUUSD,NO_TRADE,4024.88000,4024.88000,0.01,4035.88143,4016.07750,0.00,,2026-07-14 07:38:41.080692+00,2026-07-14 07:38:41.080692+00,2026-07-14 08:01:07.52551+00,closed
791,6,,,,XAUUSD,NO_TRADE,4020.22000,4020.22000,0.01,4025.77000,4010.45250,0.00,,2026-07-14 10:54:22.281061+00,2026-07-14 10:54:22.281061+00,2026-07-14 10:54:22.281061+00,open
223,6,,,,XAUUSD,NO_TRADE,4024.88000,4024.88000,0.01,4034.61143,4014.80750,0.00,,2026-07-14 07:38:47.374804+00,2026-07-14 07:38:47.374804+00,2026-07-14 08:01:07.52551+00,closed
224,6,,,,XAUUSD,NO_TRADE,4024.88000,4024.88000,0.01,4034.58143,4014.77750,0.00,,2026-07-14 07:38:47.626993+00,2026-07-14 07:38:47.626993+00,2026-07-14 08:01:07.52551+00,closed
225,6,,,,XAUUSD,NO_TRADE,4024.88000,4024.88000,0.01,4034.59143,4014.78750,0.00,,2026-07-14 07:38:47.867007+00,2026-07-14 07:38:47.867007+00,2026-07-14 08:01:07.52551+00,closed
226,6,,,,XAUUSD,NO_TRADE,4024.88000,4024.88000,0.01,4034.59143,4014.78750,0.00,,2026-07-14 07:38:48.109882+00,2026-07-14 07:38:48.109882+00,2026-07-14 08:01:07.52551+00,closed
227,6,,,,XAUUSD,NO_TRADE,4024.88000,4024.88000,0.01,4034.59143,4014.78750,0.00,,2026-07-14 07:38:48.371464+00,2026-07-14 07:38:48.371464+00,2026-07-14 08:01:07.52551+00,closed
263,6,,,,XAUUSD,NO_TRADE,4024.88000,4024.88000,0.01,4034.59143,4014.78750,0.00,,2026-07-14 07:38:54.161307+00,2026-07-14 07:38:54.161307+00,2026-07-14 08:01:07.52551+00,closed
264,6,,,,XAUUSD,NO_TRADE,4024.88000,4024.88000,0.01,4034.56143,4014.75750,0.00,,2026-07-14 07:38:54.437721+00,2026-07-14 07:38:54.437721+00,2026-07-14 08:01:07.52551+00,closed
265,6,,,,XAUUSD,NO_TRADE,4024.88000,4024.88000,0.01,4034.59143,4014.78750,0.00,,2026-07-14 07:38:54.680277+00,2026-07-14 07:38:54.680277+00,2026-07-14 08:01:07.52551+00,closed
266,6,,,,XAUUSD,NO_TRADE,4024.88000,4024.88000,0.01,4034.57143,4014.76750,0.00,,2026-07-14 07:38:54.929547+00,2026-07-14 07:38:54.929547+00,2026-07-14 08:01:07.52551+00,closed
279,6,,,,XAUUSD,NO_TRADE,4024.88000,4024.88000,0.01,4034.21143,4014.40750,0.00,,2026-07-14 07:38:58.666517+00,2026-07-14 07:38:58.666517+00,2026-07-14 08:01:07.52551+00,closed
280,6,,,,XAUUSD,NO_TRADE,4024.88000,4024.88000,0.01,4034.21143,4014.40750,0.00,,2026-07-14 07:38:58.923832+00,2026-07-14 07:38:58.923832+00,2026-07-14 08:01:07.52551+00,closed
173,6,,,,XAUUSD,NO_TRADE,4023.01000,4023.01000,0.01,4029.41143,4011.80750,0.00,,2026-07-14 06:39:27.698015+00,2026-07-14 06:39:27.698015+00,2026-07-14 08:01:07.52551+00,closed
281,6,,,,XAUUSD,NO_TRADE,4024.88000,4024.88000,0.01,4034.28143,4014.47750,0.00,,2026-07-14 07:38:59.167483+00,2026-07-14 07:38:59.167483+00,2026-07-14 08:01:07.52551+00,closed
801,6,,,,XAUUSD,NO_TRADE,4022.87000,4022.87000,0.01,4029.58714,4010.75750,0.00,,2026-07-14 11:19:21.914211+00,2026-07-14 11:19:21.914211+00,2026-07-14 11:19:21.914211+00,open
797,6,,,,XAUUSD,NO_TRADE,4017.20000,4017.20000,0.01,4023.22714,4006.35000,0.00,,2026-07-14 11:09:21.756241+00,2026-07-14 11:09:21.756241+00,2026-07-14 11:09:21.756241+00,open
799,6,,,,XAUUSD,NO_TRADE,4021.90000,4021.90000,0.01,4029.23286,4010.16750,0.00,,2026-07-14 11:14:26.346085+00,2026-07-14 11:14:26.346085+00,2026-07-14 11:14:26.346085+00,open
803,6,,,,XAUUSD,NO_TRADE,4027.03000,4027.03000,0.01,4034.28714,4013.94500,0.00,,2026-07-14 11:24:27.305291+00,2026-07-14 11:24:27.305291+00,2026-07-14 11:24:27.305291+00,open
815,6,,,,XAUUSD,NO_TRADE,4029.19000,4029.19000,0.01,4037.06143,4015.80000,0.00,,2026-07-14 11:54:21.048707+00,2026-07-14 11:54:21.048707+00,2026-07-14 11:54:21.048707+00,open
807,6,,,,XAUUSD,NO_TRADE,4027.53000,4027.53000,0.01,4035.94143,4014.51500,0.00,,2026-07-14 11:34:22.565184+00,2026-07-14 11:34:22.565184+00,2026-07-14 11:34:22.565184+00,open
403,6,,,,XAUUSD,NO_TRADE,4024.88000,4024.88000,0.01,4032.97286,4014.34750,0.00,,2026-07-14 07:40:26.006036+00,2026-07-14 07:40:26.006036+00,2026-07-14 08:01:07.52551+00,closed
404,6,,,,XAUUSD,NO_TRADE,4024.88000,4024.88000,0.01,4032.53286,4013.90750,0.00,,2026-07-14 07:40:26.248467+00,2026-07-14 07:40:26.248467+00,2026-07-14 08:01:07.52551+00,closed
405,6,,,,XAUUSD,NO_TRADE,4024.88000,4024.88000,0.01,4032.53286,4013.90750,0.00,,2026-07-14 07:40:26.486753+00,2026-07-14 07:40:26.486753+00,2026-07-14 08:01:07.52551+00,closed
551,6,,,,XAUUSD,NO_TRADE,4024.88000,4024.88000,0.01,4030.98000,4011.40000,0.00,,2026-07-14 07:42:22.185798+00,2026-07-14 07:42:22.185798+00,2026-07-14 08:01:07.52551+00,closed
805,6,,,,XAUUSD,NO_TRADE,4025.01000,4025.01000,0.01,4032.86571,4012.30750,0.00,,2026-07-14 11:29:21.044336+00,2026-07-14 11:29:21.044336+00,2026-07-14 11:29:21.044336+00,open
817,6,,,,XAUUSD,NO_TRADE,4031.21000,4031.21000,0.01,4039.15286,4017.53000,0.00,,2026-07-14 11:59:26.903266+00,2026-07-14 11:59:26.903266+00,2026-07-14 11:59:26.903266+00,open
809,6,,,,XAUUSD,NO_TRADE,4028.57000,4028.57000,0.01,4036.20857,4015.23000,0.00,,2026-07-14 11:39:20.31846+00,2026-07-14 11:39:20.31846+00,2026-07-14 11:39:20.31846+00,open
811,6,,,,XAUUSD,NO_TRADE,4028.04000,4028.04000,0.01,4035.22429,4014.69750,0.00,,2026-07-14 11:44:21.594973+00,2026-07-14 11:44:21.594973+00,2026-07-14 11:44:21.594973+00,open
819,6,,,,XAUUSD,NO_TRADE,4030.02000,4030.02000,0.01,4038.03429,4015.30750,0.00,,2026-07-14 12:04:20.741634+00,2026-07-14 12:04:20.741634+00,2026-07-14 12:04:20.741634+00,open
423,6,,,,XAUUSD,NO_TRADE,4024.88000,4024.88000,0.01,4032.50429,4013.68250,0.00,,2026-07-14 07:40:43.61984+00,2026-07-14 07:40:43.61984+00,2026-07-14 08:01:07.52551+00,closed
424,6,,,,XAUUSD,NO_TRADE,4024.88000,4024.88000,0.01,4032.51429,4013.69250,0.00,,2026-07-14 07:40:43.87516+00,2026-07-14 07:40:43.87516+00,2026-07-14 08:01:07.52551+00,closed
425,6,,,,XAUUSD,NO_TRADE,4024.88000,4024.88000,0.01,4032.52429,4013.70250,0.00,,2026-07-14 07:40:44.163501+00,2026-07-14 07:40:44.163501+00,2026-07-14 08:01:07.52551+00,closed
426,6,,,,XAUUSD,NO_TRADE,4024.88000,4024.88000,0.01,4032.50429,4013.68250,0.00,,2026-07-14 07:40:44.40624+00,2026-07-14 07:40:44.40624+00,2026-07-14 08:01:07.52551+00,closed
427,6,,,,XAUUSD,NO_TRADE,4024.88000,4024.88000,0.01,4032.51429,4013.69250,0.00,,2026-07-14 07:40:44.668038+00,2026-07-14 07:40:44.668038+00,2026-07-14 08:01:07.52551+00,closed
428,6,,,,XAUUSD,NO_TRADE,4024.88000,4024.88000,0.01,4032.51429,4013.69250,0.00,,2026-07-14 07:40:44.9655+00,2026-07-14 07:40:44.9655+00,2026-07-14 08:01:07.52551+00,closed
813,6,,,,XAUUSD,NO_TRADE,4028.63000,4028.63000,0.01,4036.33571,4014.73250,0.00,,2026-07-14 11:49:21.736189+00,2026-07-14 11:49:21.736189+00,2026-07-14 11:49:21.736189+00,open
821,6,,,,XAUUSD,NO_TRADE,4026.81000,4026.81000,0.01,4034.89000,4010.93750,0.00,,2026-07-14 12:09:26.296594+00,2026-07-14 12:09:26.296594+00,2026-07-14 12:09:26.296594+00,open
823,6,,,,XAUUSD,NO_TRADE,4025.81000,4025.81000,0.01,4033.91000,4011.55250,0.00,,2026-07-14 12:14:20.89161+00,2026-07-14 12:14:20.89161+00,2026-07-14 12:14:20.89161+00,open
443,6,,,,XAUUSD,NO_TRADE,4024.88000,4024.88000,0.01,4031.73143,4012.53250,0.00,,2026-07-14 07:41:12.839121+00,2026-07-14 07:41:12.839121+00,2026-07-14 08:01:07.52551+00,closed
444,6,,,,XAUUSD,NO_TRADE,4024.88000,4024.88000,0.01,4031.78143,4012.58250,0.00,,2026-07-14 07:41:13.089211+00,2026-07-14 07:41:13.089211+00,2026-07-14 08:01:07.52551+00,closed
825,6,,,,XAUUSD,BUY,4086.17000,4086.17000,0.01,4064.87714,4120.18750,0.00,,2026-07-14 12:39:25.534328+00,2026-07-14 12:39:25.534328+00,2026-07-14 12:39:25.534328+00,open
827,6,,,,XAUUSD,BUY,4092.94000,4092.94000,0.01,4071.77429,4129.15500,0.00,,2026-07-14 12:44:20.294288+00,2026-07-14 12:44:20.294288+00,2026-07-14 12:44:20.294288+00,open
829,6,,,,XAUUSD,BUY,4083.88000,4083.88000,0.01,4061.45286,4122.85250,0.00,,2026-07-14 12:49:25.962468+00,2026-07-14 12:49:25.962468+00,2026-07-14 12:49:25.962468+00,open
463,6,,,,XAUUSD,NO_TRADE,4024.88000,4024.88000,0.01,4032.26143,4013.06250,0.00,,2026-07-14 07:41:33.635798+00,2026-07-14 07:41:33.635798+00,2026-07-14 08:01:07.52551+00,closed
464,6,,,,XAUUSD,NO_TRADE,4024.88000,4024.88000,0.01,4032.25143,4013.05250,0.00,,2026-07-14 07:41:33.938587+00,2026-07-14 07:41:33.938587+00,2026-07-14 08:01:07.52551+00,closed
465,6,,,,XAUUSD,NO_TRADE,4024.88000,4024.88000,0.01,4032.30143,4013.10250,0.00,,2026-07-14 07:41:34.22577+00,2026-07-14 07:41:34.22577+00,2026-07-14 08:01:07.52551+00,closed
466,6,,,,XAUUSD,NO_TRADE,4024.88000,4024.88000,0.01,4032.30143,4013.10250,0.00,,2026-07-14 07:41:34.497795+00,2026-07-14 07:41:34.497795+00,2026-07-14 08:01:07.52551+00,closed
467,6,,,,XAUUSD,NO_TRADE,4024.88000,4024.88000,0.01,4032.29143,4013.09250,0.00,,2026-07-14 07:41:34.824401+00,2026-07-14 07:41:34.824401+00,2026-07-14 08:01:07.52551+00,closed
468,6,,,,XAUUSD,NO_TRADE,4024.88000,4024.88000,0.01,4032.27143,4013.07250,0.00,,2026-07-14 07:41:35.061292+00,2026-07-14 07:41:35.061292+00,2026-07-14 08:01:07.52551+00,closed
469,6,,,,XAUUSD,NO_TRADE,4024.88000,4024.88000,0.01,4032.26143,4013.06250,0.00,,2026-07-14 07:41:35.311476+00,2026-07-14 07:41:35.311476+00,2026-07-14 08:01:07.52551+00,closed
470,6,,,,XAUUSD,NO_TRADE,4024.88000,4024.88000,0.01,4032.27143,4013.07250,0.00,,2026-07-14 07:41:35.574636+00,2026-07-14 07:41:35.574636+00,2026-07-14 08:01:07.52551+00,closed
471,6,,,,XAUUSD,NO_TRADE,4024.88000,4024.88000,0.01,4032.11143,4012.91250,0.00,,2026-07-14 07:41:35.820731+00,2026-07-14 07:41:35.820731+00,2026-07-14 08:01:07.52551+00,closed
472,6,,,,XAUUSD,NO_TRADE,4024.88000,4024.88000,0.01,4032.03143,4012.83250,0.00,,2026-07-14 07:41:36.061138+00,2026-07-14 07:41:36.061138+00,2026-07-14 08:01:07.52551+00,closed
831,6,,,,XAUUSD,BUY,4073.74000,4073.74000,0.01,4052.00143,4116.18250,0.00,,2026-07-14 12:54:20.642959+00,2026-07-14 12:54:20.642959+00,2026-07-14 12:54:20.642959+00,open
833,6,,,,XAUUSD,BUY,4077.08000,4077.08000,0.01,4051.06571,4118.06750,0.00,,2026-07-14 12:59:20.864422+00,2026-07-14 12:59:20.864422+00,2026-07-14 12:59:20.864422+00,open
493,6,,,,XAUUSD,NO_TRADE,4024.88000,4024.88000,0.01,4030.90000,4011.32000,0.00,,2026-07-14 07:42:11.00121+00,2026-07-14 07:42:11.00121+00,2026-07-14 08:01:07.52551+00,closed
494,6,,,,XAUUSD,NO_TRADE,4024.88000,4024.88000,0.01,4030.83000,4011.25000,0.00,,2026-07-14 07:42:11.242997+00,2026-07-14 07:42:11.242997+00,2026-07-14 08:01:07.52551+00,closed
495,6,,,,XAUUSD,NO_TRADE,4024.88000,4024.88000,0.01,4030.86000,4011.28000,0.00,,2026-07-14 07:42:11.480652+00,2026-07-14 07:42:11.480652+00,2026-07-14 08:01:07.52551+00,closed
496,6,,,,XAUUSD,NO_TRADE,4024.88000,4024.88000,0.01,4030.83000,4011.25000,0.00,,2026-07-14 07:42:11.736102+00,2026-07-14 07:42:11.736102+00,2026-07-14 08:01:07.52551+00,closed
497,6,,,,XAUUSD,NO_TRADE,4024.88000,4024.88000,0.01,4030.85000,4011.27000,0.00,,2026-07-14 07:42:11.988702+00,2026-07-14 07:42:11.988702+00,2026-07-14 08:01:07.52551+00,closed
835,6,,,,XAUUSD,BUY,4077.48000,4077.48000,0.01,4052.97571,4123.25000,0.00,,2026-07-14 13:09:21.848974+00,2026-07-14 13:09:21.848974+00,2026-07-14 13:09:21.848974+00,open
533,6,,,,XAUUSD,NO_TRADE,4024.88000,4024.88000,0.01,4030.88000,4011.30000,0.00,,2026-07-14 07:42:17.207099+00,2026-07-14 07:42:17.207099+00,2026-07-14 08:01:07.52551+00,closed
534,6,,,,XAUUSD,NO_TRADE,4024.88000,4024.88000,0.01,4030.89000,4011.31000,0.00,,2026-07-14 07:42:17.481787+00,2026-07-14 07:42:17.481787+00,2026-07-14 08:01:07.52551+00,closed
535,6,,,,XAUUSD,NO_TRADE,4024.88000,4024.88000,0.01,4030.88000,4011.30000,0.00,,2026-07-14 07:42:17.717752+00,2026-07-14 07:42:17.717752+00,2026-07-14 08:01:07.52551+00,closed
536,6,,,,XAUUSD,NO_TRADE,4024.88000,4024.88000,0.01,4030.91000,4011.33000,0.00,,2026-07-14 07:42:17.960212+00,2026-07-14 07:42:17.960212+00,2026-07-14 08:01:07.52551+00,closed
537,6,,,,XAUUSD,NO_TRADE,4024.88000,4024.88000,0.01,4030.94000,4011.36000,0.00,,2026-07-14 07:42:18.204606+00,2026-07-14 07:42:18.204606+00,2026-07-14 08:01:07.52551+00,closed
837,6,,,,XAUUSD,BUY,4076.15000,4076.15000,0.01,4049.31714,4121.87000,0.00,,2026-07-14 13:19:26.697407+00,2026-07-14 13:19:26.697407+00,2026-07-14 13:19:26.697407+00,open
573,6,,,,XAUUSD,NO_TRADE,4024.88000,4024.88000,0.01,4030.95000,4011.37000,0.00,,2026-07-14 07:42:23.384786+00,2026-07-14 07:42:23.384786+00,2026-07-14 08:01:07.52551+00,closed
574,6,,,,XAUUSD,NO_TRADE,4024.88000,4024.88000,0.01,4030.95000,4011.37000,0.00,,2026-07-14 07:42:23.625423+00,2026-07-14 07:42:23.625423+00,2026-07-14 08:01:07.52551+00,closed
613,6,,,,XAUUSD,NO_TRADE,4024.88000,4024.88000,0.01,4030.90000,4011.32000,0.00,,2026-07-14 07:42:29.705598+00,2026-07-14 07:42:29.705598+00,2026-07-14 08:01:07.52551+00,closed
614,6,,,,XAUUSD,NO_TRADE,4024.88000,4024.88000,0.01,4030.90000,4011.32000,0.00,,2026-07-14 07:42:29.958608+00,2026-07-14 07:42:29.958608+00,2026-07-14 08:01:07.52551+00,closed
615,6,,,,XAUUSD,NO_TRADE,4024.88000,4024.88000,0.01,4030.89000,4011.31000,0.00,,2026-07-14 07:42:30.230326+00,2026-07-14 07:42:30.230326+00,2026-07-14 08:01:07.52551+00,closed
616,6,,,,XAUUSD,NO_TRADE,4024.88000,4024.88000,0.01,4030.91000,4011.33000,0.00,,2026-07-14 07:42:30.474717+00,2026-07-14 07:42:30.474717+00,2026-07-14 08:01:07.52551+00,closed
541,6,,,,XAUUSD,NO_TRADE,4024.88000,4024.88000,0.01,4030.99000,4011.41000,0.00,,2026-07-14 07:42:19.140891+00,2026-07-14 07:42:19.140891+00,2026-07-14 08:01:07.52551+00,closed
542,6,,,,XAUUSD,NO_TRADE,4024.88000,4024.88000,0.01,4031.03000,4011.45000,0.00,,2026-07-14 07:42:19.387446+00,2026-07-14 07:42:19.387446+00,2026-07-14 08:01:07.52551+00,closed
543,6,,,,XAUUSD,NO_TRADE,4024.88000,4024.88000,0.01,4030.93000,4011.35000,0.00,,2026-07-14 07:42:20.206952+00,2026-07-14 07:42:20.206952+00,2026-07-14 08:01:07.52551+00,closed
544,6,,,,XAUUSD,NO_TRADE,4024.88000,4024.88000,0.01,4030.93000,4011.35000,0.00,,2026-07-14 07:42:20.449088+00,2026-07-14 07:42:20.449088+00,2026-07-14 08:01:07.52551+00,closed
545,6,,,,XAUUSD,NO_TRADE,4024.88000,4024.88000,0.01,4030.94000,4011.36000,0.00,,2026-07-14 07:42:20.692382+00,2026-07-14 07:42:20.692382+00,2026-07-14 08:01:07.52551+00,closed
546,6,,,,XAUUSD,NO_TRADE,4024.88000,4024.88000,0.01,4030.94000,4011.36000,0.00,,2026-07-14 07:42:20.931741+00,2026-07-14 07:42:20.931741+00,2026-07-14 08:01:07.52551+00,closed
653,6,,,,XAUUSD,NO_TRADE,4024.88000,4024.88000,0.01,4031.01000,4011.43000,0.00,,2026-07-14 07:42:36.009539+00,2026-07-14 07:42:36.009539+00,2026-07-14 08:01:07.52551+00,closed
693,6,,,,XAUUSD,NO_TRADE,4024.88000,4024.88000,0.01,4030.88000,4011.30000,0.00,,2026-07-14 07:42:42.61294+00,2026-07-14 07:42:42.61294+00,2026-07-14 08:01:07.52551+00,closed
694,6,,,,XAUUSD,NO_TRADE,4024.88000,4024.88000,0.01,4030.94000,4011.36000,0.00,,2026-07-14 07:42:42.880644+00,2026-07-14 07:42:42.880644+00,2026-07-14 08:01:07.52551+00,closed
695,6,,,,XAUUSD,NO_TRADE,4024.88000,4024.88000,0.01,4030.93000,4011.35000,0.00,,2026-07-14 07:42:43.129585+00,2026-07-14 07:42:43.129585+00,2026-07-14 08:01:07.52551+00,closed
696,6,,,,XAUUSD,NO_TRADE,4024.88000,4024.88000,0.01,4030.82000,4011.24000,0.00,,2026-07-14 07:42:43.39348+00,2026-07-14 07:42:43.39348+00,2026-07-14 08:01:07.52551+00,closed
697,6,,,,XAUUSD,NO_TRADE,4024.88000,4024.88000,0.01,4030.79000,4011.21000,0.00,,2026-07-14 07:42:44.4774+00,2026-07-14 07:42:44.4774+00,2026-07-14 08:01:07.52551+00,closed
698,6,,,,XAUUSD,NO_TRADE,4024.88000,4024.88000,0.01,4030.79000,4011.21000,0.00,,2026-07-14 07:42:44.830518+00,2026-07-14 07:42:44.830518+00,2026-07-14 08:01:07.52551+00,closed
699,6,,,,XAUUSD,NO_TRADE,4024.88000,4024.88000,0.01,4030.78000,4011.20000,0.00,,2026-07-14 07:42:45.142674+00,2026-07-14 07:42:45.142674+00,2026-07-14 08:01:07.52551+00,closed
733,6,,,,XAUUSD,NO_TRADE,4024.88000,4024.88000,0.01,4030.63000,4010.94000,0.00,,2026-07-14 07:42:55.154763+00,2026-07-14 07:42:55.154763+00,2026-07-14 08:01:07.52551+00,closed
734,6,,,,XAUUSD,NO_TRADE,4024.88000,4024.88000,0.01,4030.61000,4010.92000,0.00,,2026-07-14 07:42:55.443274+00,2026-07-14 07:42:55.443274+00,2026-07-14 08:01:07.52551+00,closed
735,6,,,,XAUUSD,NO_TRADE,4024.88000,4024.88000,0.01,4030.61000,4010.92000,0.00,,2026-07-14 07:42:55.710315+00,2026-07-14 07:42:55.710315+00,2026-07-14 08:01:07.52551+00,closed
736,6,,,,XAUUSD,NO_TRADE,4024.88000,4024.88000,0.01,4030.60000,4010.91000,0.00,,2026-07-14 07:42:55.961131+00,2026-07-14 07:42:55.961131+00,2026-07-14 08:01:07.52551+00,closed
737,6,,,,XAUUSD,NO_TRADE,4024.88000,4024.88000,0.01,4030.65000,4010.96000,0.00,,2026-07-14 07:42:56.197409+00,2026-07-14 07:42:56.197409+00,2026-07-14 08:01:07.52551+00,closed
738,6,,,,XAUUSD,NO_TRADE,4024.88000,4024.88000,0.01,4030.64000,4010.95000,0.00,,2026-07-14 07:42:56.437151+00,2026-07-14 07:42:56.437151+00,2026-07-14 08:01:07.52551+00,closed
739,6,,,,XAUUSD,NO_TRADE,4024.88000,4024.88000,0.01,4030.66000,4010.97000,0.00,,2026-07-14 07:42:56.693418+00,2026-07-14 07:42:56.693418+00,2026-07-14 08:01:07.52551+00,closed
740,6,,,,XAUUSD,NO_TRADE,4024.88000,4024.88000,0.01,4030.72000,4011.03000,0.00,,2026-07-14 07:42:56.925156+00,2026-07-14 07:42:56.925156+00,2026-07-14 08:01:07.52551+00,closed
741,6,,,,XAUUSD,NO_TRADE,4024.88000,4024.88000,0.01,4030.73000,4011.04000,0.00,,2026-07-14 07:42:57.167325+00,2026-07-14 07:42:57.167325+00,2026-07-14 08:01:07.52551+00,closed
753,6,,,,XAUUSD,NO_TRADE,4024.88000,4024.88000,0.01,4030.52000,4010.80250,0.00,,2026-07-14 07:42:58.740697+00,2026-07-14 07:42:58.740697+00,2026-07-14 08:01:07.52551+00,closed
754,6,,,,XAUUSD,NO_TRADE,4024.88000,4024.88000,0.01,4030.50000,4010.78250,0.00,,2026-07-14 07:42:58.978921+00,2026-07-14 07:42:58.978921+00,2026-07-14 08:01:07.52551+00,closed
755,6,,,,XAUUSD,NO_TRADE,4024.88000,4024.88000,0.01,4030.45000,4010.73250,0.00,,2026-07-14 07:42:59.2127+00,2026-07-14 07:42:59.2127+00,2026-07-14 08:01:07.52551+00,closed
756,6,,,,XAUUSD,NO_TRADE,4024.88000,4024.88000,0.01,4030.49000,4010.77250,0.00,,2026-07-14 07:42:59.475794+00,2026-07-14 07:42:59.475794+00,2026-07-14 08:01:07.52551+00,closed
779,6,,,,XAUUSD,NO_TRADE,4023.19000,4023.19000,0.01,4029.61714,4011.66750,0.00,,2026-07-14 07:49:25.406497+00,2026-07-14 07:49:25.406497+00,2026-07-14 08:01:07.52551+00,closed
777,6,,,,XAUUSD,NO_TRADE,4023.81000,4023.81000,0.01,4030.63000,4012.06750,0.00,,2026-07-14 07:44:23.592295+00,2026-07-14 07:44:23.592295+00,2026-07-14 08:01:07.52551+00,closed
309,6,,,,XAUUSD,NO_TRADE,4024.88000,4024.88000,0.01,4033.92143,4014.11750,0.00,,2026-07-14 07:39:04.071022+00,2026-07-14 07:39:04.071022+00,2026-07-14 08:01:07.52551+00,closed
310,6,,,,XAUUSD,NO_TRADE,4024.88000,4024.88000,0.01,4033.92143,4014.11750,0.00,,2026-07-14 07:39:04.317291+00,2026-07-14 07:39:04.317291+00,2026-07-14 08:01:07.52551+00,closed
311,6,,,,XAUUSD,NO_TRADE,4024.88000,4024.88000,0.01,4033.96143,4014.15750,0.00,,2026-07-14 07:39:04.562462+00,2026-07-14 07:39:04.562462+00,2026-07-14 08:01:07.52551+00,closed
312,6,,,,XAUUSD,NO_TRADE,4024.88000,4024.88000,0.01,4033.94143,4014.13750,0.00,,2026-07-14 07:39:04.804677+00,2026-07-14 07:39:04.804677+00,2026-07-14 08:01:07.52551+00,closed
477,6,,,,XAUUSD,NO_TRADE,4024.88000,4024.88000,0.01,4030.93000,4011.35000,0.00,,2026-07-14 07:42:08.973644+00,2026-07-14 07:42:08.973644+00,2026-07-14 08:01:07.52551+00,closed
478,6,,,,XAUUSD,NO_TRADE,4024.88000,4024.88000,0.01,4030.93000,4011.35000,0.00,,2026-07-14 07:42:09.211743+00,2026-07-14 07:42:09.211743+00,2026-07-14 08:01:07.52551+00,closed
326,6,,,,XAUUSD,NO_TRADE,4024.88000,4024.88000,0.01,4033.71143,4013.90750,0.00,,2026-07-14 07:39:10.100545+00,2026-07-14 07:39:10.100545+00,2026-07-14 08:01:07.52551+00,closed
327,6,,,,XAUUSD,NO_TRADE,4024.88000,4024.88000,0.01,4033.71143,4013.90750,0.00,,2026-07-14 07:39:10.342959+00,2026-07-14 07:39:10.342959+00,2026-07-14 08:01:07.52551+00,closed
328,6,,,,XAUUSD,NO_TRADE,4024.88000,4024.88000,0.01,4033.73143,4013.92750,0.00,,2026-07-14 07:39:10.599048+00,2026-07-14 07:39:10.599048+00,2026-07-14 08:01:07.52551+00,closed
329,6,,,,XAUUSD,NO_TRADE,4024.88000,4024.88000,0.01,4033.66143,4013.85750,0.00,,2026-07-14 07:39:10.847311+00,2026-07-14 07:39:10.847311+00,2026-07-14 08:01:07.52551+00,closed
330,6,,,,XAUUSD,NO_TRADE,4024.88000,4024.88000,0.01,4033.70143,4013.89750,0.00,,2026-07-14 07:39:11.087655+00,2026-07-14 07:39:11.087655+00,2026-07-14 08:01:07.52551+00,closed
331,6,,,,XAUUSD,NO_TRADE,4024.88000,4024.88000,0.01,4033.68143,4013.87750,0.00,,2026-07-14 07:39:11.323939+00,2026-07-14 07:39:11.323939+00,2026-07-14 08:01:07.52551+00,closed
332,6,,,,XAUUSD,NO_TRADE,4024.88000,4024.88000,0.01,4033.66143,4013.85750,0.00,,2026-07-14 07:39:11.575818+00,2026-07-14 07:39:11.575818+00,2026-07-14 08:01:07.52551+00,closed
479,6,,,,XAUUSD,NO_TRADE,4024.88000,4024.88000,0.01,4030.93000,4011.35000,0.00,,2026-07-14 07:42:09.449596+00,2026-07-14 07:42:09.449596+00,2026-07-14 08:01:07.52551+00,closed
480,6,,,,XAUUSD,NO_TRADE,4024.88000,4024.88000,0.01,4030.87000,4011.29000,0.00,,2026-07-14 07:42:09.694867+00,2026-07-14 07:42:09.694867+00,2026-07-14 08:01:07.52551+00,closed
345,6,,,,XAUUSD,NO_TRADE,4024.88000,4024.88000,0.01,4033.66143,4013.85750,0.00,,2026-07-14 07:39:16.945263+00,2026-07-14 07:39:16.945263+00,2026-07-14 08:01:07.52551+00,closed
346,6,,,,XAUUSD,NO_TRADE,4024.88000,4024.88000,0.01,4033.66143,4013.85750,0.00,,2026-07-14 07:39:17.200194+00,2026-07-14 07:39:17.200194+00,2026-07-14 08:01:07.52551+00,closed
347,6,,,,XAUUSD,NO_TRADE,4024.88000,4024.88000,0.01,4033.70143,4013.89750,0.00,,2026-07-14 07:39:17.45062+00,2026-07-14 07:39:17.45062+00,2026-07-14 08:01:07.52551+00,closed
348,6,,,,XAUUSD,NO_TRADE,4024.88000,4024.88000,0.01,4033.73143,4013.92750,0.00,,2026-07-14 07:39:17.708868+00,2026-07-14 07:39:17.708868+00,2026-07-14 08:01:07.52551+00,closed
349,6,,,,XAUUSD,NO_TRADE,4024.88000,4024.88000,0.01,4033.76143,4013.95750,0.00,,2026-07-14 07:39:17.949144+00,2026-07-14 07:39:17.949144+00,2026-07-14 08:01:07.52551+00,closed
350,6,,,,XAUUSD,NO_TRADE,4024.88000,4024.88000,0.01,4033.77143,4013.96750,0.00,,2026-07-14 07:39:18.197706+00,2026-07-14 07:39:18.197706+00,2026-07-14 08:01:07.52551+00,closed
351,6,,,,XAUUSD,NO_TRADE,4024.88000,4024.88000,0.01,4033.75143,4013.94750,0.00,,2026-07-14 07:39:18.526286+00,2026-07-14 07:39:18.526286+00,2026-07-14 08:01:07.52551+00,closed
352,6,,,,XAUUSD,NO_TRADE,4024.88000,4024.88000,0.01,4033.69143,4013.88750,0.00,,2026-07-14 07:39:18.764743+00,2026-07-14 07:39:18.764743+00,2026-07-14 08:01:07.52551+00,closed
364,6,,,,XAUUSD,NO_TRADE,4024.88000,4024.88000,0.01,4033.15000,4014.67000,0.00,,2026-07-14 07:39:20.248506+00,2026-07-14 07:39:20.248506+00,2026-07-14 08:01:07.52551+00,closed
365,6,,,,XAUUSD,NO_TRADE,4024.88000,4024.88000,0.01,4033.15000,4014.67000,0.00,,2026-07-14 07:39:20.507844+00,2026-07-14 07:39:20.507844+00,2026-07-14 08:01:07.52551+00,closed
366,6,,,,XAUUSD,NO_TRADE,4024.88000,4024.88000,0.01,4033.14000,4014.66000,0.00,,2026-07-14 07:39:20.754935+00,2026-07-14 07:39:20.754935+00,2026-07-14 08:01:07.52551+00,closed
169,6,,,,XAUUSD,NO_TRADE,4031.99000,4031.99000,0.01,4038.57286,4020.49750,0.00,,2026-07-14 06:09:21.489065+00,2026-07-14 06:09:21.489065+00,2026-07-14 08:01:07.52551+00,closed
367,6,,,,XAUUSD,NO_TRADE,4024.88000,4024.88000,0.01,4033.16000,4014.68000,0.00,,2026-07-14 07:39:21.060275+00,2026-07-14 07:39:21.060275+00,2026-07-14 08:01:07.52551+00,closed
167,6,,,,XAUUSD,BUY,4030.16000,4030.16000,0.01,4024.16143,4042.39000,0.00,,2026-07-14 06:04:23.463117+00,2026-07-14 06:04:23.463117+00,2026-07-14 08:01:07.52551+00,closed
368,6,,,,XAUUSD,NO_TRADE,4024.88000,4024.88000,0.01,4033.17000,4014.69000,0.00,,2026-07-14 07:39:21.299347+00,2026-07-14 07:39:21.299347+00,2026-07-14 08:01:07.52551+00,closed
369,6,,,,XAUUSD,NO_TRADE,4024.88000,4024.88000,0.01,4033.18000,4014.70000,0.00,,2026-07-14 07:39:21.552543+00,2026-07-14 07:39:21.552543+00,2026-07-14 08:01:07.52551+00,closed
370,6,,,,XAUUSD,NO_TRADE,4024.88000,4024.88000,0.01,4033.18000,4014.70000,0.00,,2026-07-14 07:39:21.795404+00,2026-07-14 07:39:21.795404+00,2026-07-14 08:01:07.52551+00,closed
371,6,,,,XAUUSD,NO_TRADE,4024.88000,4024.88000,0.01,4033.19000,4014.71000,0.00,,2026-07-14 07:39:22.04474+00,2026-07-14 07:39:22.04474+00,2026-07-14 08:01:07.52551+00,closed
372,6,,,,XAUUSD,NO_TRADE,4024.88000,4024.88000,0.01,4033.18000,4014.70000,0.00,,2026-07-14 07:39:22.286765+00,2026-07-14 07:39:22.286765+00,2026-07-14 08:01:07.52551+00,closed
373,6,,,,XAUUSD,NO_TRADE,4024.88000,4024.88000,0.01,4033.12857,4014.62500,0.00,,2026-07-14 07:39:23.05679+00,2026-07-14 07:39:23.05679+00,2026-07-14 08:01:07.52551+00,closed
374,6,,,,XAUUSD,NO_TRADE,4024.88000,4024.88000,0.01,4033.10857,4014.60500,0.00,,2026-07-14 07:39:23.302079+00,2026-07-14 07:39:23.302079+00,2026-07-14 08:01:07.52551+00,closed
375,6,,,,XAUUSD,NO_TRADE,4024.88000,4024.88000,0.01,4033.00857,4014.50500,0.00,,2026-07-14 07:39:23.546766+00,2026-07-14 07:39:23.546766+00,2026-07-14 08:01:07.52551+00,closed
376,6,,,,XAUUSD,NO_TRADE,4024.88000,4024.88000,0.01,4032.91857,4014.41500,0.00,,2026-07-14 07:39:23.818533+00,2026-07-14 07:39:23.818533+00,2026-07-14 08:01:07.52551+00,closed
185,6,,,,XAUUSD,NO_TRADE,4024.88000,4024.88000,0.01,4035.88143,4016.07750,0.00,,2026-07-14 07:38:41.328004+00,2026-07-14 07:38:41.328004+00,2026-07-14 08:01:07.52551+00,closed
186,6,,,,XAUUSD,NO_TRADE,4024.88000,4024.88000,0.01,4035.41143,4015.60750,0.00,,2026-07-14 07:38:41.566058+00,2026-07-14 07:38:41.566058+00,2026-07-14 08:01:07.52551+00,closed
187,6,,,,XAUUSD,NO_TRADE,4024.88000,4024.88000,0.01,4035.47143,4015.66750,0.00,,2026-07-14 07:38:41.80667+00,2026-07-14 07:38:41.80667+00,2026-07-14 08:01:07.52551+00,closed
188,6,,,,XAUUSD,NO_TRADE,4024.88000,4024.88000,0.01,4035.57143,4015.76750,0.00,,2026-07-14 07:38:42.045866+00,2026-07-14 07:38:42.045866+00,2026-07-14 08:01:07.52551+00,closed
189,6,,,,XAUUSD,NO_TRADE,4024.88000,4024.88000,0.01,4035.50143,4015.69750,0.00,,2026-07-14 07:38:42.298315+00,2026-07-14 07:38:42.298315+00,2026-07-14 08:01:07.52551+00,closed
190,6,,,,XAUUSD,NO_TRADE,4024.88000,4024.88000,0.01,4035.49143,4015.68750,0.00,,2026-07-14 07:38:42.540474+00,2026-07-14 07:38:42.540474+00,2026-07-14 08:01:07.52551+00,closed
191,6,,,,XAUUSD,NO_TRADE,4024.88000,4024.88000,0.01,4035.49143,4015.68750,0.00,,2026-07-14 07:38:42.780842+00,2026-07-14 07:38:42.780842+00,2026-07-14 08:01:07.52551+00,closed
192,6,,,,XAUUSD,NO_TRADE,4024.88000,4024.88000,0.01,4035.46143,4015.65750,0.00,,2026-07-14 07:38:43.029254+00,2026-07-14 07:38:43.029254+00,2026-07-14 08:01:07.52551+00,closed
193,6,,,,XAUUSD,NO_TRADE,4024.88000,4024.88000,0.01,4035.31143,4015.50750,0.00,,2026-07-14 07:38:43.811488+00,2026-07-14 07:38:43.811488+00,2026-07-14 08:01:07.52551+00,closed
194,6,,,,XAUUSD,NO_TRADE,4024.88000,4024.88000,0.01,4035.35143,4015.54750,0.00,,2026-07-14 07:38:44.047443+00,2026-07-14 07:38:44.047443+00,2026-07-14 08:01:07.52551+00,closed
195,6,,,,XAUUSD,NO_TRADE,4024.88000,4024.88000,0.01,4035.27143,4015.46750,0.00,,2026-07-14 07:38:44.290917+00,2026-07-14 07:38:44.290917+00,2026-07-14 08:01:07.52551+00,closed
196,6,,,,XAUUSD,NO_TRADE,4024.88000,4024.88000,0.01,4035.29143,4015.48750,0.00,,2026-07-14 07:38:44.528933+00,2026-07-14 07:38:44.528933+00,2026-07-14 08:01:07.52551+00,closed
197,6,,,,XAUUSD,NO_TRADE,4024.88000,4024.88000,0.01,4035.30143,4015.49750,0.00,,2026-07-14 07:38:44.819243+00,2026-07-14 07:38:44.819243+00,2026-07-14 08:01:07.52551+00,closed
198,6,,,,XAUUSD,NO_TRADE,4024.88000,4024.88000,0.01,4034.93143,4015.12750,0.00,,2026-07-14 07:38:45.063177+00,2026-07-14 07:38:45.063177+00,2026-07-14 08:01:07.52551+00,closed
199,6,,,,XAUUSD,NO_TRADE,4024.88000,4024.88000,0.01,4034.70143,4014.89750,0.00,,2026-07-14 07:38:45.306356+00,2026-07-14 07:38:45.306356+00,2026-07-14 08:01:07.52551+00,closed
200,6,,,,XAUUSD,NO_TRADE,4024.88000,4024.88000,0.01,4034.70143,4014.89750,0.00,,2026-07-14 07:38:45.554343+00,2026-07-14 07:38:45.554343+00,2026-07-14 08:01:07.52551+00,closed
201,6,,,,XAUUSD,NO_TRADE,4024.88000,4024.88000,0.01,4034.70143,4014.89750,0.00,,2026-07-14 07:38:45.791753+00,2026-07-14 07:38:45.791753+00,2026-07-14 08:01:07.52551+00,closed
202,6,,,,XAUUSD,NO_TRADE,4024.88000,4024.88000,0.01,4034.65143,4014.84750,0.00,,2026-07-14 07:38:46.034652+00,2026-07-14 07:38:46.034652+00,2026-07-14 08:01:07.52551+00,closed
622,6,,,,XAUUSD,NO_TRADE,4024.88000,4024.88000,0.01,4030.88000,4011.30000,0.00,,2026-07-14 07:42:31.888461+00,2026-07-14 07:42:31.888461+00,2026-07-14 08:01:07.52551+00,closed
623,6,,,,XAUUSD,NO_TRADE,4024.88000,4024.88000,0.01,4030.93000,4011.35000,0.00,,2026-07-14 07:42:32.676194+00,2026-07-14 07:42:32.676194+00,2026-07-14 08:01:07.52551+00,closed
481,6,,,,XAUUSD,NO_TRADE,4024.88000,4024.88000,0.01,4030.88000,4011.30000,0.00,,2026-07-14 07:42:09.927072+00,2026-07-14 07:42:09.927072+00,2026-07-14 08:01:07.52551+00,closed
482,6,,,,XAUUSD,NO_TRADE,4024.88000,4024.88000,0.01,4030.88000,4011.30000,0.00,,2026-07-14 07:42:10.17465+00,2026-07-14 07:42:10.17465+00,2026-07-14 08:01:07.52551+00,closed
591,6,,,,XAUUSD,NO_TRADE,4024.88000,4024.88000,0.01,4030.86000,4011.28000,0.00,,2026-07-14 07:42:28.380345+00,2026-07-14 07:42:28.380345+00,2026-07-14 08:01:07.52551+00,closed
592,6,,,,XAUUSD,NO_TRADE,4024.88000,4024.88000,0.01,4030.86000,4011.28000,0.00,,2026-07-14 07:42:28.620252+00,2026-07-14 07:42:28.620252+00,2026-07-14 08:01:07.52551+00,closed
624,6,,,,XAUUSD,NO_TRADE,4024.88000,4024.88000,0.01,4030.99000,4011.41000,0.00,,2026-07-14 07:42:32.91706+00,2026-07-14 07:42:32.91706+00,2026-07-14 08:01:07.52551+00,closed
625,6,,,,XAUUSD,NO_TRADE,4024.88000,4024.88000,0.01,4030.99000,4011.41000,0.00,,2026-07-14 07:42:33.162336+00,2026-07-14 07:42:33.162336+00,2026-07-14 08:01:07.52551+00,closed
626,6,,,,XAUUSD,NO_TRADE,4024.88000,4024.88000,0.01,4031.02000,4011.44000,0.00,,2026-07-14 07:42:33.407533+00,2026-07-14 07:42:33.407533+00,2026-07-14 08:01:07.52551+00,closed
627,6,,,,XAUUSD,NO_TRADE,4024.88000,4024.88000,0.01,4031.00000,4011.42000,0.00,,2026-07-14 07:42:33.653006+00,2026-07-14 07:42:33.653006+00,2026-07-14 08:01:07.52551+00,closed
628,6,,,,XAUUSD,NO_TRADE,4024.88000,4024.88000,0.01,4031.03000,4011.45000,0.00,,2026-07-14 07:42:33.893256+00,2026-07-14 07:42:33.893256+00,2026-07-14 08:01:07.52551+00,closed
629,6,,,,XAUUSD,NO_TRADE,4024.88000,4024.88000,0.01,4031.06000,4011.48000,0.00,,2026-07-14 07:42:34.174922+00,2026-07-14 07:42:34.174922+00,2026-07-14 08:01:07.52551+00,closed
630,6,,,,XAUUSD,NO_TRADE,4024.88000,4024.88000,0.01,4031.05000,4011.47000,0.00,,2026-07-14 07:42:34.415878+00,2026-07-14 07:42:34.415878+00,2026-07-14 08:01:07.52551+00,closed
228,6,,,,XAUUSD,NO_TRADE,4024.88000,4024.88000,0.01,4034.64143,4014.83750,0.00,,2026-07-14 07:38:48.619816+00,2026-07-14 07:38:48.619816+00,2026-07-14 08:01:07.52551+00,closed
229,6,,,,XAUUSD,NO_TRADE,4024.88000,4024.88000,0.01,4034.63143,4014.82750,0.00,,2026-07-14 07:38:48.856299+00,2026-07-14 07:38:48.856299+00,2026-07-14 08:01:07.52551+00,closed
230,6,,,,XAUUSD,NO_TRADE,4024.88000,4024.88000,0.01,4034.64143,4014.83750,0.00,,2026-07-14 07:38:49.098558+00,2026-07-14 07:38:49.098558+00,2026-07-14 08:01:07.52551+00,closed
231,6,,,,XAUUSD,NO_TRADE,4024.88000,4024.88000,0.01,4034.76143,4014.95750,0.00,,2026-07-14 07:38:49.34643+00,2026-07-14 07:38:49.34643+00,2026-07-14 08:01:07.52551+00,closed
232,6,,,,XAUUSD,NO_TRADE,4024.88000,4024.88000,0.01,4034.81143,4015.00750,0.00,,2026-07-14 07:38:49.603644+00,2026-07-14 07:38:49.603644+00,2026-07-14 08:01:07.52551+00,closed
233,6,,,,XAUUSD,NO_TRADE,4024.88000,4024.88000,0.01,4034.83143,4015.02750,0.00,,2026-07-14 07:38:50.375633+00,2026-07-14 07:38:50.375633+00,2026-07-14 08:01:07.52551+00,closed
234,6,,,,XAUUSD,NO_TRADE,4024.88000,4024.88000,0.01,4034.83143,4015.02750,0.00,,2026-07-14 07:38:50.63714+00,2026-07-14 07:38:50.63714+00,2026-07-14 08:01:07.52551+00,closed
235,6,,,,XAUUSD,NO_TRADE,4024.88000,4024.88000,0.01,4034.77143,4014.96750,0.00,,2026-07-14 07:38:50.910732+00,2026-07-14 07:38:50.910732+00,2026-07-14 08:01:07.52551+00,closed
236,6,,,,XAUUSD,NO_TRADE,4024.88000,4024.88000,0.01,4034.65143,4014.84750,0.00,,2026-07-14 07:38:51.155946+00,2026-07-14 07:38:51.155946+00,2026-07-14 08:01:07.52551+00,closed
237,6,,,,XAUUSD,NO_TRADE,4024.88000,4024.88000,0.01,4034.72143,4014.91750,0.00,,2026-07-14 07:38:51.397534+00,2026-07-14 07:38:51.397534+00,2026-07-14 08:01:07.52551+00,closed
238,6,,,,XAUUSD,NO_TRADE,4024.88000,4024.88000,0.01,4034.70143,4014.89750,0.00,,2026-07-14 07:38:51.637746+00,2026-07-14 07:38:51.637746+00,2026-07-14 08:01:07.52551+00,closed
239,6,,,,XAUUSD,NO_TRADE,4024.88000,4024.88000,0.01,4034.68143,4014.87750,0.00,,2026-07-14 07:38:51.886615+00,2026-07-14 07:38:51.886615+00,2026-07-14 08:01:07.52551+00,closed
240,6,,,,XAUUSD,NO_TRADE,4024.88000,4024.88000,0.01,4034.49143,4014.68750,0.00,,2026-07-14 07:38:52.140362+00,2026-07-14 07:38:52.140362+00,2026-07-14 08:01:07.52551+00,closed
241,6,,,,XAUUSD,NO_TRADE,4024.88000,4024.88000,0.01,4034.62143,4014.81750,0.00,,2026-07-14 07:38:52.437974+00,2026-07-14 07:38:52.437974+00,2026-07-14 08:01:07.52551+00,closed
242,6,,,,XAUUSD,NO_TRADE,4024.88000,4024.88000,0.01,4034.54143,4014.73750,0.00,,2026-07-14 07:38:52.684542+00,2026-07-14 07:38:52.684542+00,2026-07-14 08:01:07.52551+00,closed
267,6,,,,XAUUSD,NO_TRADE,4024.88000,4024.88000,0.01,4034.57143,4014.76750,0.00,,2026-07-14 07:38:55.175294+00,2026-07-14 07:38:55.175294+00,2026-07-14 08:01:07.52551+00,closed
268,6,,,,XAUUSD,NO_TRADE,4024.88000,4024.88000,0.01,4034.58143,4014.77750,0.00,,2026-07-14 07:38:55.427811+00,2026-07-14 07:38:55.427811+00,2026-07-14 08:01:07.52551+00,closed
269,6,,,,XAUUSD,NO_TRADE,4024.88000,4024.88000,0.01,4034.55143,4014.74750,0.00,,2026-07-14 07:38:55.671967+00,2026-07-14 07:38:55.671967+00,2026-07-14 08:01:07.52551+00,closed
270,6,,,,XAUUSD,NO_TRADE,4024.88000,4024.88000,0.01,4034.55143,4014.74750,0.00,,2026-07-14 07:38:55.917829+00,2026-07-14 07:38:55.917829+00,2026-07-14 08:01:07.52551+00,closed
271,6,,,,XAUUSD,NO_TRADE,4024.88000,4024.88000,0.01,4034.35143,4014.54750,0.00,,2026-07-14 07:38:56.164944+00,2026-07-14 07:38:56.164944+00,2026-07-14 08:01:07.52551+00,closed
272,6,,,,XAUUSD,NO_TRADE,4024.88000,4024.88000,0.01,4034.32143,4014.51750,0.00,,2026-07-14 07:38:56.407002+00,2026-07-14 07:38:56.407002+00,2026-07-14 08:01:07.52551+00,closed
273,6,,,,XAUUSD,NO_TRADE,4024.88000,4024.88000,0.01,4034.32143,4014.51750,0.00,,2026-07-14 07:38:57.186399+00,2026-07-14 07:38:57.186399+00,2026-07-14 08:01:07.52551+00,closed
274,6,,,,XAUUSD,NO_TRADE,4024.88000,4024.88000,0.01,4034.32143,4014.51750,0.00,,2026-07-14 07:38:57.439531+00,2026-07-14 07:38:57.439531+00,2026-07-14 08:01:07.52551+00,closed
275,6,,,,XAUUSD,NO_TRADE,4024.88000,4024.88000,0.01,4034.26143,4014.45750,0.00,,2026-07-14 07:38:57.692576+00,2026-07-14 07:38:57.692576+00,2026-07-14 08:01:07.52551+00,closed
276,6,,,,XAUUSD,NO_TRADE,4024.88000,4024.88000,0.01,4034.23143,4014.42750,0.00,,2026-07-14 07:38:57.935684+00,2026-07-14 07:38:57.935684+00,2026-07-14 08:01:07.52551+00,closed
277,6,,,,XAUUSD,NO_TRADE,4024.88000,4024.88000,0.01,4034.22143,4014.41750,0.00,,2026-07-14 07:38:58.179499+00,2026-07-14 07:38:58.179499+00,2026-07-14 08:01:07.52551+00,closed
278,6,,,,XAUUSD,NO_TRADE,4024.88000,4024.88000,0.01,4034.21143,4014.40750,0.00,,2026-07-14 07:38:58.42824+00,2026-07-14 07:38:58.42824+00,2026-07-14 08:01:07.52551+00,closed
282,6,,,,XAUUSD,NO_TRADE,4024.88000,4024.88000,0.01,4034.27143,4014.46750,0.00,,2026-07-14 07:38:59.413443+00,2026-07-14 07:38:59.413443+00,2026-07-14 08:01:07.52551+00,closed
377,6,,,,XAUUSD,NO_TRADE,4024.88000,4024.88000,0.01,4032.92857,4014.42500,0.00,,2026-07-14 07:39:24.05668+00,2026-07-14 07:39:24.05668+00,2026-07-14 08:01:07.52551+00,closed
378,6,,,,XAUUSD,NO_TRADE,4024.88000,4024.88000,0.01,4032.98857,4014.48500,0.00,,2026-07-14 07:39:24.378193+00,2026-07-14 07:39:24.378193+00,2026-07-14 08:01:07.52551+00,closed
379,6,,,,XAUUSD,NO_TRADE,4024.88000,4024.88000,0.01,4032.85857,4014.35500,0.00,,2026-07-14 07:39:24.623491+00,2026-07-14 07:39:24.623491+00,2026-07-14 08:01:07.52551+00,closed
380,6,,,,XAUUSD,NO_TRADE,4024.88000,4024.88000,0.01,4032.82857,4014.32500,0.00,,2026-07-14 07:39:24.901189+00,2026-07-14 07:39:24.901189+00,2026-07-14 08:01:07.52551+00,closed
381,6,,,,XAUUSD,NO_TRADE,4024.88000,4024.88000,0.01,4032.84857,4014.34500,0.00,,2026-07-14 07:39:25.149792+00,2026-07-14 07:39:25.149792+00,2026-07-14 08:01:07.52551+00,closed
382,6,,,,XAUUSD,NO_TRADE,4024.88000,4024.88000,0.01,4032.84857,4014.34500,0.00,,2026-07-14 07:39:25.393968+00,2026-07-14 07:39:25.393968+00,2026-07-14 08:01:07.52551+00,closed
547,6,,,,XAUUSD,NO_TRADE,4024.88000,4024.88000,0.01,4030.95000,4011.37000,0.00,,2026-07-14 07:42:21.174192+00,2026-07-14 07:42:21.174192+00,2026-07-14 08:01:07.52551+00,closed
548,6,,,,XAUUSD,NO_TRADE,4024.88000,4024.88000,0.01,4030.97000,4011.39000,0.00,,2026-07-14 07:42:21.434396+00,2026-07-14 07:42:21.434396+00,2026-07-14 08:01:07.52551+00,closed
549,6,,,,XAUUSD,NO_TRADE,4024.88000,4024.88000,0.01,4030.97000,4011.39000,0.00,,2026-07-14 07:42:21.688962+00,2026-07-14 07:42:21.688962+00,2026-07-14 08:01:07.52551+00,closed
550,6,,,,XAUUSD,NO_TRADE,4024.88000,4024.88000,0.01,4030.95000,4011.37000,0.00,,2026-07-14 07:42:21.944017+00,2026-07-14 07:42:21.944017+00,2026-07-14 08:01:07.52551+00,closed
406,6,,,,XAUUSD,NO_TRADE,4024.88000,4024.88000,0.01,4032.53286,4013.90750,0.00,,2026-07-14 07:40:26.726589+00,2026-07-14 07:40:26.726589+00,2026-07-14 08:01:07.52551+00,closed
407,6,,,,XAUUSD,NO_TRADE,4024.88000,4024.88000,0.01,4032.54286,4013.91750,0.00,,2026-07-14 07:40:26.973017+00,2026-07-14 07:40:26.973017+00,2026-07-14 08:01:07.52551+00,closed
408,6,,,,XAUUSD,NO_TRADE,4024.88000,4024.88000,0.01,4032.57286,4013.94750,0.00,,2026-07-14 07:40:27.248714+00,2026-07-14 07:40:27.248714+00,2026-07-14 08:01:07.52551+00,closed
409,6,,,,XAUUSD,NO_TRADE,4024.88000,4024.88000,0.01,4032.53286,4013.90750,0.00,,2026-07-14 07:40:27.536047+00,2026-07-14 07:40:27.536047+00,2026-07-14 08:01:07.52551+00,closed
410,6,,,,XAUUSD,NO_TRADE,4024.88000,4024.88000,0.01,4032.52286,4013.89750,0.00,,2026-07-14 07:40:27.780411+00,2026-07-14 07:40:27.780411+00,2026-07-14 08:01:07.52551+00,closed
411,6,,,,XAUUSD,NO_TRADE,4024.88000,4024.88000,0.01,4032.50286,4013.87750,0.00,,2026-07-14 07:40:28.023522+00,2026-07-14 07:40:28.023522+00,2026-07-14 08:01:07.52551+00,closed
412,6,,,,XAUUSD,NO_TRADE,4024.88000,4024.88000,0.01,4032.50286,4013.87750,0.00,,2026-07-14 07:40:28.269074+00,2026-07-14 07:40:28.269074+00,2026-07-14 08:01:07.52551+00,closed
552,6,,,,XAUUSD,NO_TRADE,4024.88000,4024.88000,0.01,4030.98000,4011.40000,0.00,,2026-07-14 07:42:22.422279+00,2026-07-14 07:42:22.422279+00,2026-07-14 08:01:07.52551+00,closed
576,6,,,,XAUUSD,NO_TRADE,4024.88000,4024.88000,0.01,4031.07000,4011.49000,0.00,,2026-07-14 07:42:24.114137+00,2026-07-14 07:42:24.114137+00,2026-07-14 08:01:07.52551+00,closed
578,6,,,,XAUUSD,NO_TRADE,4024.88000,4024.88000,0.01,4031.11000,4011.53000,0.00,,2026-07-14 07:42:24.634959+00,2026-07-14 07:42:24.634959+00,2026-07-14 08:01:07.52551+00,closed
577,6,,,,XAUUSD,NO_TRADE,4024.88000,4024.88000,0.01,4031.08000,4011.50000,0.00,,2026-07-14 07:42:24.393903+00,2026-07-14 07:42:24.393903+00,2026-07-14 08:01:07.52551+00,closed
579,6,,,,XAUUSD,NO_TRADE,4024.88000,4024.88000,0.01,4031.03000,4011.45000,0.00,,2026-07-14 07:42:24.890649+00,2026-07-14 07:42:24.890649+00,2026-07-14 08:01:07.52551+00,closed
580,6,,,,XAUUSD,NO_TRADE,4024.88000,4024.88000,0.01,4031.08000,4011.50000,0.00,,2026-07-14 07:42:25.129003+00,2026-07-14 07:42:25.129003+00,2026-07-14 08:01:07.52551+00,closed
581,6,,,,XAUUSD,NO_TRADE,4024.88000,4024.88000,0.01,4031.06000,4011.48000,0.00,,2026-07-14 07:42:25.378183+00,2026-07-14 07:42:25.378183+00,2026-07-14 08:01:07.52551+00,closed
582,6,,,,XAUUSD,NO_TRADE,4024.88000,4024.88000,0.01,4031.06000,4011.48000,0.00,,2026-07-14 07:42:25.61963+00,2026-07-14 07:42:25.61963+00,2026-07-14 08:01:07.52551+00,closed
583,6,,,,XAUUSD,NO_TRADE,4024.88000,4024.88000,0.01,4031.03000,4011.45000,0.00,,2026-07-14 07:42:26.387852+00,2026-07-14 07:42:26.387852+00,2026-07-14 08:01:07.52551+00,closed
429,6,,,,XAUUSD,NO_TRADE,4024.88000,4024.88000,0.01,4032.51429,4013.69250,0.00,,2026-07-14 07:40:45.237706+00,2026-07-14 07:40:45.237706+00,2026-07-14 08:01:07.52551+00,closed
430,6,,,,XAUUSD,NO_TRADE,4024.88000,4024.88000,0.01,4032.53429,4013.71250,0.00,,2026-07-14 07:40:45.480226+00,2026-07-14 07:40:45.480226+00,2026-07-14 08:01:07.52551+00,closed
431,6,,,,XAUUSD,NO_TRADE,4024.88000,4024.88000,0.01,4032.54429,4013.72250,0.00,,2026-07-14 07:40:45.740289+00,2026-07-14 07:40:45.740289+00,2026-07-14 08:01:07.52551+00,closed
432,6,,,,XAUUSD,NO_TRADE,4024.88000,4024.88000,0.01,4032.55429,4013.73250,0.00,,2026-07-14 07:40:45.980579+00,2026-07-14 07:40:45.980579+00,2026-07-14 08:01:07.52551+00,closed
445,6,,,,XAUUSD,NO_TRADE,4024.88000,4024.88000,0.01,4031.78143,4012.58250,0.00,,2026-07-14 07:41:13.330125+00,2026-07-14 07:41:13.330125+00,2026-07-14 08:01:07.52551+00,closed
446,6,,,,XAUUSD,NO_TRADE,4024.88000,4024.88000,0.01,4031.78143,4012.58250,0.00,,2026-07-14 07:41:13.573203+00,2026-07-14 07:41:13.573203+00,2026-07-14 08:01:07.52551+00,closed
447,6,,,,XAUUSD,NO_TRADE,4024.88000,4024.88000,0.01,4031.80143,4012.60250,0.00,,2026-07-14 07:41:13.81318+00,2026-07-14 07:41:13.81318+00,2026-07-14 08:01:07.52551+00,closed
448,6,,,,XAUUSD,NO_TRADE,4024.88000,4024.88000,0.01,4031.86143,4012.66250,0.00,,2026-07-14 07:41:14.056211+00,2026-07-14 07:41:14.056211+00,2026-07-14 08:01:07.52551+00,closed
449,6,,,,XAUUSD,NO_TRADE,4024.88000,4024.88000,0.01,4031.87143,4012.67250,0.00,,2026-07-14 07:41:14.296288+00,2026-07-14 07:41:14.296288+00,2026-07-14 08:01:07.52551+00,closed
450,6,,,,XAUUSD,NO_TRADE,4024.88000,4024.88000,0.01,4031.86143,4012.66250,0.00,,2026-07-14 07:41:14.540903+00,2026-07-14 07:41:14.540903+00,2026-07-14 08:01:07.52551+00,closed
451,6,,,,XAUUSD,NO_TRADE,4024.88000,4024.88000,0.01,4031.81143,4012.61250,0.00,,2026-07-14 07:41:14.781798+00,2026-07-14 07:41:14.781798+00,2026-07-14 08:01:07.52551+00,closed
452,6,,,,XAUUSD,NO_TRADE,4024.88000,4024.88000,0.01,4031.78143,4012.58250,0.00,,2026-07-14 07:41:15.044004+00,2026-07-14 07:41:15.044004+00,2026-07-14 08:01:07.52551+00,closed
473,6,,,,XAUUSD,NO_TRADE,4024.88000,4024.88000,0.01,4031.04000,4011.46000,0.00,,2026-07-14 07:42:07.949554+00,2026-07-14 07:42:07.949554+00,2026-07-14 08:01:07.52551+00,closed
474,6,,,,XAUUSD,NO_TRADE,4024.88000,4024.88000,0.01,4030.89000,4011.31000,0.00,,2026-07-14 07:42:08.202268+00,2026-07-14 07:42:08.202268+00,2026-07-14 08:01:07.52551+00,closed
475,6,,,,XAUUSD,NO_TRADE,4024.88000,4024.88000,0.01,4030.92000,4011.34000,0.00,,2026-07-14 07:42:08.482747+00,2026-07-14 07:42:08.482747+00,2026-07-14 08:01:07.52551+00,closed
476,6,,,,XAUUSD,NO_TRADE,4024.88000,4024.88000,0.01,4030.93000,4011.35000,0.00,,2026-07-14 07:42:08.736791+00,2026-07-14 07:42:08.736791+00,2026-07-14 08:01:07.52551+00,closed
498,6,,,,XAUUSD,NO_TRADE,4024.88000,4024.88000,0.01,4030.85000,4011.27000,0.00,,2026-07-14 07:42:12.230248+00,2026-07-14 07:42:12.230248+00,2026-07-14 08:01:07.52551+00,closed
499,6,,,,XAUUSD,NO_TRADE,4024.88000,4024.88000,0.01,4030.86000,4011.28000,0.00,,2026-07-14 07:42:12.470696+00,2026-07-14 07:42:12.470696+00,2026-07-14 08:01:07.52551+00,closed
500,6,,,,XAUUSD,NO_TRADE,4024.88000,4024.88000,0.01,4030.86000,4011.28000,0.00,,2026-07-14 07:42:12.7362+00,2026-07-14 07:42:12.7362+00,2026-07-14 08:01:07.52551+00,closed
501,6,,,,XAUUSD,NO_TRADE,4024.88000,4024.88000,0.01,4030.87000,4011.29000,0.00,,2026-07-14 07:42:12.982931+00,2026-07-14 07:42:12.982931+00,2026-07-14 08:01:07.52551+00,closed
502,6,,,,XAUUSD,NO_TRADE,4024.88000,4024.88000,0.01,4030.86000,4011.28000,0.00,,2026-07-14 07:42:13.219466+00,2026-07-14 07:42:13.219466+00,2026-07-14 08:01:07.52551+00,closed
503,6,,,,XAUUSD,NO_TRADE,4024.88000,4024.88000,0.01,4030.81000,4011.23000,0.00,,2026-07-14 07:42:13.970754+00,2026-07-14 07:42:13.970754+00,2026-07-14 08:01:07.52551+00,closed
504,6,,,,XAUUSD,NO_TRADE,4024.88000,4024.88000,0.01,4030.81000,4011.23000,0.00,,2026-07-14 07:42:14.216909+00,2026-07-14 07:42:14.216909+00,2026-07-14 08:01:07.52551+00,closed
505,6,,,,XAUUSD,NO_TRADE,4024.88000,4024.88000,0.01,4030.81000,4011.23000,0.00,,2026-07-14 07:42:14.668728+00,2026-07-14 07:42:14.668728+00,2026-07-14 08:01:07.52551+00,closed
506,6,,,,XAUUSD,NO_TRADE,4024.88000,4024.88000,0.01,4030.93000,4011.35000,0.00,,2026-07-14 07:42:14.913686+00,2026-07-14 07:42:14.913686+00,2026-07-14 08:01:07.52551+00,closed
507,6,,,,XAUUSD,NO_TRADE,4024.88000,4024.88000,0.01,4030.94000,4011.36000,0.00,,2026-07-14 07:42:15.147676+00,2026-07-14 07:42:15.147676+00,2026-07-14 08:01:07.52551+00,closed
508,6,,,,XAUUSD,NO_TRADE,4024.88000,4024.88000,0.01,4030.85000,4011.27000,0.00,,2026-07-14 07:42:15.39046+00,2026-07-14 07:42:15.39046+00,2026-07-14 08:01:07.52551+00,closed
509,6,,,,XAUUSD,NO_TRADE,4024.88000,4024.88000,0.01,4030.84000,4011.26000,0.00,,2026-07-14 07:42:15.623744+00,2026-07-14 07:42:15.623744+00,2026-07-14 08:01:07.52551+00,closed
510,6,,,,XAUUSD,NO_TRADE,4024.88000,4024.88000,0.01,4030.81000,4011.23000,0.00,,2026-07-14 07:42:15.850371+00,2026-07-14 07:42:15.850371+00,2026-07-14 08:01:07.52551+00,closed
511,6,,,,XAUUSD,NO_TRADE,4024.88000,4024.88000,0.01,4030.86000,4011.28000,0.00,,2026-07-14 07:42:16.087829+00,2026-07-14 07:42:16.087829+00,2026-07-14 08:01:07.52551+00,closed
512,6,,,,XAUUSD,NO_TRADE,4024.88000,4024.88000,0.01,4030.85000,4011.27000,0.00,,2026-07-14 07:42:16.325054+00,2026-07-14 07:42:16.325054+00,2026-07-14 08:01:07.52551+00,closed
584,6,,,,XAUUSD,NO_TRADE,4024.88000,4024.88000,0.01,4031.01000,4011.43000,0.00,,2026-07-14 07:42:26.636595+00,2026-07-14 07:42:26.636595+00,2026-07-14 08:01:07.52551+00,closed
585,6,,,,XAUUSD,NO_TRADE,4024.88000,4024.88000,0.01,4031.03000,4011.45000,0.00,,2026-07-14 07:42:26.898809+00,2026-07-14 07:42:26.898809+00,2026-07-14 08:01:07.52551+00,closed
586,6,,,,XAUUSD,NO_TRADE,4024.88000,4024.88000,0.01,4031.03000,4011.45000,0.00,,2026-07-14 07:42:27.139035+00,2026-07-14 07:42:27.139035+00,2026-07-14 08:01:07.52551+00,closed
587,6,,,,XAUUSD,NO_TRADE,4024.88000,4024.88000,0.01,4030.99000,4011.41000,0.00,,2026-07-14 07:42:27.384885+00,2026-07-14 07:42:27.384885+00,2026-07-14 08:01:07.52551+00,closed
588,6,,,,XAUUSD,NO_TRADE,4024.88000,4024.88000,0.01,4031.00000,4011.42000,0.00,,2026-07-14 07:42:27.62692+00,2026-07-14 07:42:27.62692+00,2026-07-14 08:01:07.52551+00,closed
589,6,,,,XAUUSD,NO_TRADE,4024.88000,4024.88000,0.01,4030.98000,4011.40000,0.00,,2026-07-14 07:42:27.862622+00,2026-07-14 07:42:27.862622+00,2026-07-14 08:01:07.52551+00,closed
590,6,,,,XAUUSD,NO_TRADE,4024.88000,4024.88000,0.01,4030.84000,4011.26000,0.00,,2026-07-14 07:42:28.131805+00,2026-07-14 07:42:28.131805+00,2026-07-14 08:01:07.52551+00,closed
538,6,,,,XAUUSD,NO_TRADE,4024.88000,4024.88000,0.01,4030.96000,4011.38000,0.00,,2026-07-14 07:42:18.439757+00,2026-07-14 07:42:18.439757+00,2026-07-14 08:01:07.52551+00,closed
539,6,,,,XAUUSD,NO_TRADE,4024.88000,4024.88000,0.01,4030.97000,4011.39000,0.00,,2026-07-14 07:42:18.67734+00,2026-07-14 07:42:18.67734+00,2026-07-14 08:01:07.52551+00,closed
540,6,,,,XAUUSD,NO_TRADE,4024.88000,4024.88000,0.01,4030.98000,4011.40000,0.00,,2026-07-14 07:42:18.908064+00,2026-07-14 07:42:18.908064+00,2026-07-14 08:01:07.52551+00,closed
575,6,,,,XAUUSD,NO_TRADE,4024.88000,4024.88000,0.01,4031.01000,4011.43000,0.00,,2026-07-14 07:42:23.875546+00,2026-07-14 07:42:23.875546+00,2026-07-14 08:01:07.52551+00,closed
617,6,,,,XAUUSD,NO_TRADE,4024.88000,4024.88000,0.01,4030.93000,4011.35000,0.00,,2026-07-14 07:42:30.713314+00,2026-07-14 07:42:30.713314+00,2026-07-14 08:01:07.52551+00,closed
618,6,,,,XAUUSD,NO_TRADE,4024.88000,4024.88000,0.01,4030.93000,4011.35000,0.00,,2026-07-14 07:42:30.948408+00,2026-07-14 07:42:30.948408+00,2026-07-14 08:01:07.52551+00,closed
619,6,,,,XAUUSD,NO_TRADE,4024.88000,4024.88000,0.01,4030.92000,4011.34000,0.00,,2026-07-14 07:42:31.184041+00,2026-07-14 07:42:31.184041+00,2026-07-14 08:01:07.52551+00,closed
620,6,,,,XAUUSD,NO_TRADE,4024.88000,4024.88000,0.01,4030.85000,4011.27000,0.00,,2026-07-14 07:42:31.41688+00,2026-07-14 07:42:31.41688+00,2026-07-14 08:01:07.52551+00,closed
621,6,,,,XAUUSD,NO_TRADE,4024.88000,4024.88000,0.01,4030.87000,4011.29000,0.00,,2026-07-14 07:42:31.650739+00,2026-07-14 07:42:31.650739+00,2026-07-14 08:01:07.52551+00,closed
631,6,,,,XAUUSD,NO_TRADE,4024.88000,4024.88000,0.01,4030.97000,4011.39000,0.00,,2026-07-14 07:42:34.653417+00,2026-07-14 07:42:34.653417+00,2026-07-14 08:01:07.52551+00,closed
632,6,,,,XAUUSD,NO_TRADE,4024.88000,4024.88000,0.01,4030.99000,4011.41000,0.00,,2026-07-14 07:42:34.897309+00,2026-07-14 07:42:34.897309+00,2026-07-14 08:01:07.52551+00,closed
654,6,,,,XAUUSD,NO_TRADE,4024.88000,4024.88000,0.01,4031.02000,4011.44000,0.00,,2026-07-14 07:42:36.263812+00,2026-07-14 07:42:36.263812+00,2026-07-14 08:01:07.52551+00,closed
655,6,,,,XAUUSD,NO_TRADE,4024.88000,4024.88000,0.01,4031.02000,4011.44000,0.00,,2026-07-14 07:42:36.529491+00,2026-07-14 07:42:36.529491+00,2026-07-14 08:01:07.52551+00,closed
656,6,,,,XAUUSD,NO_TRADE,4024.88000,4024.88000,0.01,4031.01000,4011.43000,0.00,,2026-07-14 07:42:36.794622+00,2026-07-14 07:42:36.794622+00,2026-07-14 08:01:07.52551+00,closed
657,6,,,,XAUUSD,NO_TRADE,4024.88000,4024.88000,0.01,4030.95000,4011.37000,0.00,,2026-07-14 07:42:37.033352+00,2026-07-14 07:42:37.033352+00,2026-07-14 08:01:07.52551+00,closed
658,6,,,,XAUUSD,NO_TRADE,4024.88000,4024.88000,0.01,4030.94000,4011.36000,0.00,,2026-07-14 07:42:37.278217+00,2026-07-14 07:42:37.278217+00,2026-07-14 08:01:07.52551+00,closed
659,6,,,,XAUUSD,NO_TRADE,4024.88000,4024.88000,0.01,4030.92000,4011.34000,0.00,,2026-07-14 07:42:37.578803+00,2026-07-14 07:42:37.578803+00,2026-07-14 08:01:07.52551+00,closed
660,6,,,,XAUUSD,NO_TRADE,4024.88000,4024.88000,0.01,4030.95000,4011.37000,0.00,,2026-07-14 07:42:37.82598+00,2026-07-14 07:42:37.82598+00,2026-07-14 08:01:07.52551+00,closed
661,6,,,,XAUUSD,NO_TRADE,4024.88000,4024.88000,0.01,4030.96000,4011.38000,0.00,,2026-07-14 07:42:38.097143+00,2026-07-14 07:42:38.097143+00,2026-07-14 08:01:07.52551+00,closed
662,6,,,,XAUUSD,NO_TRADE,4024.88000,4024.88000,0.01,4030.96000,4011.38000,0.00,,2026-07-14 07:42:38.337644+00,2026-07-14 07:42:38.337644+00,2026-07-14 08:01:07.52551+00,closed
663,6,,,,XAUUSD,NO_TRADE,4024.88000,4024.88000,0.01,4030.88000,4011.30000,0.00,,2026-07-14 07:42:39.084595+00,2026-07-14 07:42:39.084595+00,2026-07-14 08:01:07.52551+00,closed
664,6,,,,XAUUSD,NO_TRADE,4024.88000,4024.88000,0.01,4030.83000,4011.25000,0.00,,2026-07-14 07:42:39.332875+00,2026-07-14 07:42:39.332875+00,2026-07-14 08:01:07.52551+00,closed
665,6,,,,XAUUSD,NO_TRADE,4024.88000,4024.88000,0.01,4030.83000,4011.25000,0.00,,2026-07-14 07:42:39.570747+00,2026-07-14 07:42:39.570747+00,2026-07-14 08:01:07.52551+00,closed
666,6,,,,XAUUSD,NO_TRADE,4024.88000,4024.88000,0.01,4030.83000,4011.25000,0.00,,2026-07-14 07:42:39.817382+00,2026-07-14 07:42:39.817382+00,2026-07-14 08:01:07.52551+00,closed
667,6,,,,XAUUSD,NO_TRADE,4024.88000,4024.88000,0.01,4030.85000,4011.27000,0.00,,2026-07-14 07:42:40.050516+00,2026-07-14 07:42:40.050516+00,2026-07-14 08:01:07.52551+00,closed
668,6,,,,XAUUSD,NO_TRADE,4024.88000,4024.88000,0.01,4030.84000,4011.26000,0.00,,2026-07-14 07:42:40.36472+00,2026-07-14 07:42:40.36472+00,2026-07-14 08:01:07.52551+00,closed
669,6,,,,XAUUSD,NO_TRADE,4024.88000,4024.88000,0.01,4030.84000,4011.26000,0.00,,2026-07-14 07:42:40.609433+00,2026-07-14 07:42:40.609433+00,2026-07-14 08:01:07.52551+00,closed
670,6,,,,XAUUSD,NO_TRADE,4024.88000,4024.88000,0.01,4030.83000,4011.25000,0.00,,2026-07-14 07:42:40.854709+00,2026-07-14 07:42:40.854709+00,2026-07-14 08:01:07.52551+00,closed
671,6,,,,XAUUSD,NO_TRADE,4024.88000,4024.88000,0.01,4030.83000,4011.25000,0.00,,2026-07-14 07:42:41.110612+00,2026-07-14 07:42:41.110612+00,2026-07-14 08:01:07.52551+00,closed
672,6,,,,XAUUSD,NO_TRADE,4024.88000,4024.88000,0.01,4030.84000,4011.26000,0.00,,2026-07-14 07:42:41.417631+00,2026-07-14 07:42:41.417631+00,2026-07-14 08:01:07.52551+00,closed
700,6,,,,XAUUSD,NO_TRADE,4024.88000,4024.88000,0.01,4030.82000,4011.24000,0.00,,2026-07-14 07:42:45.40742+00,2026-07-14 07:42:45.40742+00,2026-07-14 08:01:07.52551+00,closed
701,6,,,,XAUUSD,NO_TRADE,4024.88000,4024.88000,0.01,4030.81000,4011.23000,0.00,,2026-07-14 07:42:45.653608+00,2026-07-14 07:42:45.653608+00,2026-07-14 08:01:07.52551+00,closed
702,6,,,,XAUUSD,NO_TRADE,4024.88000,4024.88000,0.01,4030.81000,4011.23000,0.00,,2026-07-14 07:42:45.9573+00,2026-07-14 07:42:45.9573+00,2026-07-14 08:01:07.52551+00,closed
703,6,,,,XAUUSD,NO_TRADE,4024.88000,4024.88000,0.01,4030.87000,4011.29000,0.00,,2026-07-14 07:42:46.701974+00,2026-07-14 07:42:46.701974+00,2026-07-14 08:01:07.52551+00,closed
704,6,,,,XAUUSD,NO_TRADE,4024.88000,4024.88000,0.01,4030.86000,4011.28000,0.00,,2026-07-14 07:42:47.038458+00,2026-07-14 07:42:47.038458+00,2026-07-14 08:01:07.52551+00,closed
705,6,,,,XAUUSD,NO_TRADE,4024.88000,4024.88000,0.01,4030.87000,4011.29000,0.00,,2026-07-14 07:42:52.07313+00,2026-07-14 07:42:52.07313+00,2026-07-14 08:01:07.52551+00,closed
706,6,,,,XAUUSD,NO_TRADE,4024.88000,4024.88000,0.01,4030.97000,4011.39000,0.00,,2026-07-14 07:42:52.316222+00,2026-07-14 07:42:52.316222+00,2026-07-14 08:01:07.52551+00,closed
707,6,,,,XAUUSD,NO_TRADE,4024.88000,4024.88000,0.01,4030.97000,4011.39000,0.00,,2026-07-14 07:42:52.586621+00,2026-07-14 07:42:52.586621+00,2026-07-14 08:01:07.52551+00,closed
708,6,,,,XAUUSD,NO_TRADE,4024.88000,4024.88000,0.01,4031.01000,4011.43000,0.00,,2026-07-14 07:42:52.842858+00,2026-07-14 07:42:52.842858+00,2026-07-14 08:01:07.52551+00,closed
709,6,,,,XAUUSD,NO_TRADE,4024.88000,4024.88000,0.01,4031.00000,4011.42000,0.00,,2026-07-14 07:42:53.147682+00,2026-07-14 07:42:53.147682+00,2026-07-14 08:01:07.52551+00,closed
710,6,,,,XAUUSD,NO_TRADE,4024.88000,4024.88000,0.01,4030.94000,4011.36000,0.00,,2026-07-14 07:42:53.384663+00,2026-07-14 07:42:53.384663+00,2026-07-14 08:01:07.52551+00,closed
711,6,,,,XAUUSD,NO_TRADE,4024.88000,4024.88000,0.01,4030.82000,4011.24000,0.00,,2026-07-14 07:42:53.646463+00,2026-07-14 07:42:53.646463+00,2026-07-14 08:01:07.52551+00,closed
712,6,,,,XAUUSD,NO_TRADE,4024.88000,4024.88000,0.01,4030.51000,4010.93000,0.00,,2026-07-14 07:42:53.88488+00,2026-07-14 07:42:53.88488+00,2026-07-14 08:01:07.52551+00,closed
742,6,,,,XAUUSD,NO_TRADE,4024.88000,4024.88000,0.01,4030.72000,4011.03000,0.00,,2026-07-14 07:42:57.422475+00,2026-07-14 07:42:57.422475+00,2026-07-14 08:01:07.52551+00,closed
757,6,,,,XAUUSD,NO_TRADE,4024.88000,4024.88000,0.01,4030.47000,4010.75250,0.00,,2026-07-14 07:42:59.71795+00,2026-07-14 07:42:59.71795+00,2026-07-14 08:01:07.52551+00,closed
758,6,,,,XAUUSD,NO_TRADE,4024.88000,4024.88000,0.01,4030.47000,4010.75250,0.00,,2026-07-14 07:42:59.989506+00,2026-07-14 07:42:59.989506+00,2026-07-14 08:01:07.52551+00,closed
759,6,,,,XAUUSD,NO_TRADE,4024.88000,4024.88000,0.01,4030.55000,4010.83250,0.00,,2026-07-14 07:43:00.24425+00,2026-07-14 07:43:00.24425+00,2026-07-14 08:01:07.52551+00,closed
760,6,,,,XAUUSD,NO_TRADE,4024.88000,4024.88000,0.01,4030.46000,4010.74250,0.00,,2026-07-14 07:43:00.501534+00,2026-07-14 07:43:00.501534+00,2026-07-14 08:01:07.52551+00,closed
761,6,,,,XAUUSD,NO_TRADE,4024.88000,4024.88000,0.01,4030.50000,4010.78250,0.00,,2026-07-14 07:43:00.771717+00,2026-07-14 07:43:00.771717+00,2026-07-14 08:01:07.52551+00,closed
762,6,,,,XAUUSD,NO_TRADE,4024.88000,4024.88000,0.01,4030.52000,4010.80250,0.00,,2026-07-14 07:43:01.008733+00,2026-07-14 07:43:01.008733+00,2026-07-14 08:01:07.52551+00,closed
763,6,,,,XAUUSD,NO_TRADE,4024.88000,4024.88000,0.01,4030.56000,4010.78750,0.00,,2026-07-14 07:43:01.767025+00,2026-07-14 07:43:01.767025+00,2026-07-14 08:01:07.52551+00,closed
764,6,,,,XAUUSD,NO_TRADE,4029.03000,4029.03000,0.01,4030.55000,4010.77750,0.00,,2026-07-14 07:43:02.001861+00,2026-07-14 07:43:02.001861+00,2026-07-14 08:01:07.52551+00,closed
781,6,,,,XAUUSD,NO_TRADE,4014.35000,4014.35000,0.01,4021.65429,4002.22750,0.00,,2026-07-14 09:34:26.872529+00,2026-07-14 09:34:26.872529+00,2026-07-14 09:34:26.872529+00,open
785,6,,,,XAUUSD,NO_TRADE,4017.81000,4017.81000,0.01,4023.78714,4007.13000,0.00,,2026-07-14 10:29:21.819747+00,2026-07-14 10:29:21.819747+00,2026-07-14 10:29:21.819747+00,open
787,6,,,,XAUUSD,NO_TRADE,4015.79000,4015.79000,0.01,4021.44143,4004.58000,0.00,,2026-07-14 10:34:21.908634+00,2026-07-14 10:34:21.908634+00,2026-07-14 10:34:21.908634+00,open
783,6,,,,XAUUSD,SELL,4016.01000,4016.01000,0.01,4022.39571,4004.09250,0.00,,2026-07-14 09:39:26.557632+00,2026-07-14 09:39:26.557632+00,2026-07-14 09:39:26.557632+00,open
789,6,,,,XAUUSD,NO_TRADE,4021.10000,4021.10000,0.01,4027.36714,4009.99500,0.00,,2026-07-14 10:49:27.258578+00,2026-07-14 10:49:27.258578+00,2026-07-14 10:49:27.258578+00,open
793,6,,,,XAUUSD,NO_TRADE,4022.28000,4022.28000,0.01,4027.94429,4012.53250,0.00,,2026-07-14 10:59:19.785514+00,2026-07-14 10:59:19.785514+00,2026-07-14 10:59:19.785514+00,open
795,6,,,,XAUUSD,NO_TRADE,4021.14000,4021.14000,0.01,4026.86000,4011.18500,0.00,,2026-07-14 11:04:26.185959+00,2026-07-14 11:04:26.185959+00,2026-07-14 11:04:26.185959+00,open
