signal_id,symbol,signal_dir,entry_price,created_at,R,label,reason,hit_bar_idx,state_label,ds_calib_weight
1515886,XAUUSD,BUY,4344.32,2026-08-14T08:45:00.566016+00:00,7.22,,both_touched_same_bar,0.0,RANGE,1.0
1514480,XAUUSD,BUY,4344.26,2026-08-10T14:55:27.578492+00:00,11.04,0.0,stop_first,0.0,REVERSAL,1.0
1514482,XAUUSD,BUY,4344.43,2026-08-10T15:00:00.562871+00:00,10.72,0.0,stop_first,0.0,REVERSAL,1.0
1514116,XAUUSD,BUY,4344.73,2026-08-10T06:23:30.603765+00:00,10.9,0.0,stop_first,0.0,REVERSAL,1.0
1514478,XAUUSD,BUY,4344.86,2026-08-10T14:50:11.561612+00:00,11.3,0.0,stop_first,0.0,REVERSAL,1.0
1514468,XAUUSD,BUY,4345.02,2026-08-10T14:25:00.550804+00:00,11.96,0.0,stop_first,0.0,REVERSAL,1.0
1515882,XAUUSD,BUY,4345.84,2026-08-14T08:30:00.576088+00:00,6.92,,both_touched_same_bar,0.0,RANGE,1.0
1515888,XAUUSD,BUY,4346.01,2026-08-14T08:50:00.565695+00:00,7.0,,both_touched_same_bar,0.0,RANGE,1.0
1514486,XAUUSD,BUY,4346.37,2026-08-10T15:10:12.567973+00:00,11.28,0.0,stop_first,0.0,REVERSAL,1.0
1514472,XAUUSD,BUY,4346.37,2026-08-10T14:35:25.581370+00:00,12.02,0.0,stop_first,0.0,REVERSAL,1.0
1514492,XAUUSD,BUY,4347.67,2026-08-10T15:25:00.566703+00:00,10.54,0.0,stop_first,0.0,REVERSAL,1.0
1514082,XAUUSD,BUY,4347.77,2026-08-10T06:08:30.608416+00:00,10.925,0.0,stop_first,0.0,REVERSAL,1.0
1514144,XAUUSD,BUY,4348.36,2026-08-10T06:37:43.119610+00:00,8.82,0.0,stop_first,0.0,REVERSAL,1.0
1514146,XAUUSD,BUY,4349.0,2026-08-10T06:38:14.185057+00:00,8.22,0.0,stop_first,0.0,REVERSAL,1.0
1514474,XAUUSD,BUY,4349.06,2026-08-10T14:40:00.554473+00:00,11.74,0.0,stop_first,0.0,REVERSAL,1.0
1514470,XAUUSD,BUY,4349.2,2026-08-10T14:30:13.560154+00:00,12.06,0.0,stop_first,0.0,REVERSAL,1.0
1514484,XAUUSD,BUY,4349.3,2026-08-10T15:05:00.558059+00:00,10.8,0.0,stop_first,0.0,REVERSAL,1.0
1515905,XAUUSD,BUY,4349.65,2026-08-14T10:55:00.558775+00:00,5.44,1.0,target_first,0.0,TREND,1.0
1514088,XAUUSD,BUY,4349.56,2026-08-10T06:11:00.607561+00:00,11.25,0.0,stop_first,0.0,REVERSAL,1.0
1515899,XAUUSD,BUY,4350.21,2026-08-14T10:40:12.470122+00:00,5.68,,both_touched_same_bar,0.0,RANGE,1.0
1514498,XAUUSD,BUY,4350.24,2026-08-10T15:40:00.564565+00:00,9.84,0.0,stop_first,0.0,TREND,1.0
1515897,XAUUSD,BUY,4350.32,2026-08-14T10:35:00.347373+00:00,5.76,,both_touched_same_bar,0.0,RANGE,1.0
1514500,XAUUSD,BUY,4350.28,2026-08-10T15:45:00.565362+00:00,9.6,0.0,stop_first,0.0,TREND,1.0
1514488,XAUUSD,BUY,4350.34,2026-08-10T15:15:27.601221+00:00,11.06,0.0,stop_first,0.0,REVERSAL,1.0
1515893,XAUUSD,BUY,4350.54,2026-08-14T09:30:02.583448+00:00,6.66,,both_touched_same_bar,0.0,RANGE,1.0
1514494,XAUUSD,BUY,4350.72,2026-08-10T15:30:13.578433+00:00,10.36,0.0,stop_first,0.0,REVERSAL,1.0
1514476,XAUUSD,BUY,4350.67,2026-08-10T14:45:00.561232+00:00,11.14,0.0,stop_first,0.0,REVERSAL,1.0
1514490,XAUUSD,BUY,4350.93,2026-08-10T15:20:00.559184+00:00,10.9,0.0,stop_first,0.0,REVERSAL,1.0
1515901,XAUUSD,BUY,4351.58,2026-08-14T10:45:25.615760+00:00,5.64,,both_touched_same_bar,0.0,RANGE,1.0
1514496,XAUUSD,BUY,4351.78,2026-08-10T15:35:28.603457+00:00,10.32,0.0,stop_first,0.0,REVERSAL,1.0
1517262,XAUUSD,BUY,4352.43,2026-08-19T08:00:12.703581+00:00,8.68,1.0,target_first,1.0,RANGE,1.0
1515903,XAUUSD,BUY,4353.23,2026-08-14T10:51:00.596615+00:00,5.56,,both_touched_same_bar,0.0,TREND,1.0
1514342,XAUUSD,BUY,4353.36,2026-08-10T08:08:30.589676+00:00,6.075,0.0,stop_first,0.0,REVERSAL,1.0
1514233,XAUUSD,BUY,4353.51,2026-08-10T07:18:30.594430+00:00,8.58,0.0,stop_first,0.0,REVERSAL,1.0
1514532,XAUUSD,BUY,4353.83,2026-08-10T17:05:00.552546+00:00,8.96,0.0,stop_first,0.0,REVERSAL,1.0
1514266,XAUUSD,BUY,4354.24,2026-08-10T07:33:30.582568+00:00,8.78,0.0,stop_first,0.0,REVERSAL,1.0
1514524,XAUUSD,BUY,4354.3,2026-08-10T16:45:00.550830+00:00,9.8,0.0,stop_first,0.0,REVERSAL,1.0
1514212,XAUUSD,BUY,4354.62,2026-08-10T07:08:30.581055+00:00,8.22,0.0,stop_first,0.0,REVERSAL,1.0
1514353,XAUUSD,BUY,4354.78,2026-08-10T08:13:30.622940+00:00,5.85,0.0,stop_first,0.0,REVERSAL,1.0
1514255,XAUUSD,BUY,4354.88,2026-08-10T07:28:30.617798+00:00,9.08,0.0,stop_first,0.0,REVERSAL,1.0
1514201,XAUUSD,BUY,4355.46,2026-08-10T07:03:30.603808+00:00,8.38,0.0,stop_first,0.0,REVERSAL,1.0
1514320,XAUUSD,BUY,4355.59,2026-08-10T07:58:30.597734+00:00,8.36,0.0,stop_first,0.0,REVERSAL,1.0
1514309,XAUUSD,BUY,4355.55,2026-08-10T07:53:30.593878+00:00,8.7,0.0,stop_first,0.0,REVERSAL,1.0
1517256,XAUUSD,BUY,4355.59,2026-08-19T07:45:01.702741+00:00,8.78,,no_touch_in_horizon,12.0,REVERSAL,1.0
1514502,XAUUSD,BUY,4355.69,2026-08-10T15:50:13.577052+00:00,9.76,0.0,stop_first,0.0,REVERSAL,1.0
1517260,XAUUSD,BUY,4355.77,2026-08-19T07:55:00.661277+00:00,8.36,,no_touch_in_horizon,12.0,RANGE,1.0
1517254,XAUUSD,BUY,4356.17,2026-08-19T07:40:00.654797+00:00,8.82,,no_touch_in_horizon,12.0,REVERSAL,1.0
1517258,XAUUSD,BUY,4356.36,2026-08-19T07:50:11.795045+00:00,8.78,,no_touch_in_horizon,12.0,TREND,1.0
388638946,XAUUSD,BUY,4356.49,2026-08-19T08:55:13.687414+00:00,7.7,,no_touch_in_horizon,12.0,REVERSAL,1.0
1514534,XAUUSD,BUY,4356.91,2026-08-10T17:10:00.568170+00:00,8.94,0.0,stop_first,0.0,REVERSAL,1.0
1514530,XAUUSD,BUY,4357.02,2026-08-10T17:00:30.574258+00:00,8.94,0.0,stop_first,0.0,REVERSAL,1.0
1514504,XAUUSD,BUY,4357.13,2026-08-10T15:55:29.593718+00:00,9.36,0.0,stop_first,0.0,REVERSAL,1.0
1514536,XAUUSD,BUY,4357.26,2026-08-10T17:15:15.562573+00:00,8.56,0.0,stop_first,0.0,REVERSAL,1.0
1514298,XAUUSD,BUY,4357.41,2026-08-10T07:48:30.608600+00:00,8.94,0.0,stop_first,0.0,REVERSAL,1.0
1514508,XAUUSD,BUY,4357.37,2026-08-10T16:05:00.557474+00:00,9.44,0.0,stop_first,0.0,REVERSAL,1.0
1514190,XAUUSD,BUY,4357.76,2026-08-10T06:58:30.610361+00:00,8.34,0.0,stop_first,0.0,REVERSAL,1.0
1517272,XAUUSD,BUY,4358.08,2026-08-19T08:30:25.765514+00:00,7.96,,no_touch_in_horizon,12.0,RANGE,1.0
1517268,XAUUSD,BUY,4358.25,2026-08-19T08:20:05.697936+00:00,8.14,,no_touch_in_horizon,12.0,RANGE,1.0
1514552,XAUUSD,BUY,4358.26,2026-08-10T17:55:11.561357+00:00,7.34,0.0,stop_first,0.0,REVERSAL,1.0
1514244,XAUUSD,BUY,4358.42,2026-08-10T07:23:30.602830+00:00,8.78,0.0,stop_first,0.0,REVERSAL,1.0
1514548,XAUUSD,BUY,4358.53,2026-08-10T17:45:00.561501+00:00,7.84,0.0,stop_first,0.0,REVERSAL,1.0
1514520,XAUUSD,BUY,4358.49,2026-08-10T16:35:07.593274+00:00,9.8,0.0,stop_first,0.0,REVERSAL,1.0
1517270,XAUUSD,BUY,4358.76,2026-08-19T08:25:15.765498+00:00,7.96,,no_touch_in_horizon,12.0,RANGE,1.0
1514277,XAUUSD,BUY,4359.33,2026-08-10T07:38:30.583308+00:00,9.1,0.0,stop_first,0.0,REVERSAL,1.0
1514540,XAUUSD,BUY,4359.44,2026-08-10T17:25:00.550489+00:00,8.1,0.0,stop_first,0.0,REVERSAL,1.0
1514538,XAUUSD,BUY,4359.77,2026-08-10T17:21:00.579892+00:00,8.42,0.0,stop_first,0.0,REVERSAL,1.0
1514506,XAUUSD,BUY,4360.32,2026-08-10T16:00:00.564314+00:00,9.2,0.0,stop_first,0.0,REVERSAL,1.0
1514288,XAUUSD,BUY,4361.3,2026-08-10T07:43:30.589388+00:00,9.3,0.0,stop_first,0.0,REVERSAL,1.0
1514512,XAUUSD,BUY,4362.12,2026-08-10T16:15:14.575077+00:00,9.34,0.0,stop_first,0.0,REVERSAL,1.0
1514518,XAUUSD,BUY,4362.53,2026-08-10T16:30:00.561649+00:00,8.64,0.0,stop_first,0.0,REVERSAL,1.0
1514554,XAUUSD,BUY,4363.33,2026-08-10T18:00:25.593287+00:00,7.54,0.0,stop_first,0.0,REVERSAL,1.0
1514546,XAUUSD,BUY,4363.32,2026-08-10T17:40:30.591546+00:00,7.6,0.0,stop_first,0.0,REVERSAL,1.0
1514516,XAUUSD,BUY,4363.27,2026-08-10T16:25:00.561531+00:00,8.78,0.0,stop_first,0.0,REVERSAL,1.0
1514544,XAUUSD,BUY,4363.61,2026-08-10T17:35:14.574609+00:00,7.76,0.0,stop_first,0.0,REVERSAL,1.0
1514514,XAUUSD,BUY,4363.75,2026-08-10T16:20:26.588622+00:00,9.14,0.0,stop_first,0.0,REVERSAL,1.0
1514562,XAUUSD,BUY,4363.86,2026-08-10T18:20:30.591986+00:00,6.64,0.0,stop_first,0.0,REVERSAL,1.0
1514510,XAUUSD,BUY,4364.47,2026-08-10T16:10:03.568651+00:00,9.58,0.0,stop_first,0.0,REVERSAL,1.0
1514556,XAUUSD,BUY,4365.41,2026-08-10T18:05:00.571446+00:00,7.24,0.0,stop_first,0.0,REVERSAL,1.0
1514564,XAUUSD,BUY,4366.11,2026-08-10T18:25:00.561839+00:00,6.64,,both_touched_same_bar,0.0,REVERSAL,1.0
388638988,XAUUSD,BUY,4366.27,2026-08-19T11:45:22.698740+00:00,6.28,1.0,target_first,6.0,REVERSAL,1.0
388639002,XAUUSD,BUY,4368.55,2026-08-19T12:25:11.631479+00:00,7.08,1.0,target_first,0.0,REVERSAL,1.0
388638984,XAUUSD,BUY,4369.2,2026-08-19T11:35:00.676798+00:00,5.9,0.0,stop_first,0.0,REVERSAL,1.0
388638982,XAUUSD,BUY,4369.64,2026-08-19T11:30:15.715205+00:00,6.08,0.0,stop_first,1.0,REVERSAL,1.0
388638978,XAUUSD,BUY,4369.66,2026-08-19T11:20:00.672878+00:00,6.02,0.0,stop_first,3.0,TREND,1.0
388638975,XAUUSD,BUY,4370.63,2026-08-19T11:15:17.692239+00:00,6.1,0.0,stop_first,4.0,RANGE,1.0
388639004,XAUUSD,BUY,4371.3,2026-08-19T12:30:00.665013+00:00,7.02,1.0,target_first,0.0,REVERSAL,1.0
1514572,XAUUSD,BUY,4375.96,2026-08-10T18:45:00.561139+00:00,8.58,0.0,stop_first,0.0,REVERSAL,1.0
1514566,XAUUSD,BUY,4376.4,2026-08-10T18:30:00.565748+00:00,8.3,0.0,stop_first,0.0,REVERSAL,1.0
1516403,XAUUSD,BUY,4376.63,2026-08-16T23:25:00.285852+00:00,7.04,0.0,stop_first,1.0,REVERSAL,1.0
1514574,XAUUSD,BUY,4377.98,2026-08-10T18:50:00.563381+00:00,8.32,0.0,stop_first,0.0,REVERSAL,1.0
1514568,XAUUSD,BUY,4378.41,2026-08-10T18:35:16.577364+00:00,8.2,0.0,stop_first,0.0,REVERSAL,1.0
1514576,XAUUSD,BUY,4378.65,2026-08-10T18:55:15.577667+00:00,8.26,0.0,stop_first,0.0,REVERSAL,1.0
1515554,XAUUSD,BUY,4378.65,2026-08-13T09:16:40.312169+00:00,33.24,,no_touch_in_horizon,12.0,REVERSAL,1.0
1515565,XAUUSD,BUY,4379.4,2026-08-13T09:40:00.556431+00:00,24.78,,no_touch_in_horizon,12.0,REVERSAL,1.0
1515569,XAUUSD,BUY,4379.84,2026-08-13T09:50:19.568191+00:00,21.84,,no_touch_in_horizon,12.0,REVERSAL,1.0
1514578,XAUUSD,BUY,4380.0,2026-08-10T19:01:00.602789+00:00,8.06,0.0,stop_first,0.0,REVERSAL,1.0
1515561,XAUUSD,BUY,4380.54,2026-08-13T09:30:27.573656+00:00,28.04,,no_touch_in_horizon,12.0,REVERSAL,1.0
1515567,XAUUSD,BUY,4380.7,2026-08-13T09:45:06.556229+00:00,23.18,,no_touch_in_horizon,12.0,REVERSAL,1.0
1515563,XAUUSD,BUY,4380.74,2026-08-13T09:36:00.594434+00:00,26.26,,no_touch_in_horizon,12.0,REVERSAL,1.0
1515559,XAUUSD,BUY,4380.79,2026-08-13T09:25:11.517079+00:00,29.74,,no_touch_in_horizon,12.0,REVERSAL,1.0
1515071,XAUUSD,BUY,4380.96,2026-08-12T00:50:25.576957+00:00,6.92,,both_touched_same_bar,0.0,REVERSAL,1.0
1515069,XAUUSD,BUY,4381.95,2026-08-12T00:45:10.570276+00:00,7.08,,both_touched_same_bar,0.0,REVERSAL,1.0
1514582,XAUUSD,BUY,4382.23,2026-08-10T19:10:00.565969+00:00,7.66,0.0,stop_first,0.0,REVERSAL,1.0
1515067,XAUUSD,BUY,4382.31,2026-08-12T00:40:00.565885+00:00,7.26,,both_touched_same_bar,0.0,TREND,1.0
1514570,XAUUSD,BUY,4382.26,2026-08-10T18:41:00.595722+00:00,8.1,0.0,stop_first,0.0,REVERSAL,1.0
1514580,XAUUSD,BUY,4382.36,2026-08-10T19:05:00.560496+00:00,7.92,0.0,stop_first,0.0,REVERSAL,1.0
1515579,XAUUSD,BUY,4382.88,2026-08-13T10:15:29.594902+00:00,16.68,0.0,stop_first,0.0,REVERSAL,1.0
1514584,XAUUSD,BUY,4383.09,2026-08-10T19:15:16.578231+00:00,7.28,0.0,stop_first,0.0,REVERSAL,1.0
1514883,XAUUSD,BUY,4383.59,2026-08-11T11:40:19.571728+00:00,7.82,1.0,target_first,0.0,RANGE,1.0
1515571,XAUUSD,BUY,4383.57,2026-08-13T09:56:00.580325+00:00,20.88,,no_touch_in_horizon,12.0,REVERSAL,1.0
1515577,XAUUSD,BUY,4383.99,2026-08-13T10:10:14.565923+00:00,17.48,0.0,stop_first,0.0,REVERSAL,1.0
1514586,XAUUSD,BUY,4384.11,2026-08-10T19:21:00.591450+00:00,7.24,,both_touched_same_bar,0.0,REVERSAL,1.0
1515573,XAUUSD,BUY,4384.71,2026-08-13T10:00:00.552896+00:00,19.74,0.0,stop_first,1.0,REVERSAL,1.0
1515575,XAUUSD,BUY,4385.17,2026-08-13T10:05:00.554211+00:00,18.58,0.0,stop_first,0.0,REVERSAL,1.0
1515581,XAUUSD,BUY,4385.84,2026-08-13T10:20:00.553261+00:00,16.06,0.0,stop_first,0.0,REVERSAL,1.0
1515587,XAUUSD,BUY,4386.82,2026-08-13T10:35:15.567318+00:00,13.98,0.0,stop_first,5.0,TREND,1.0
1514592,XAUUSD,BUY,4387.13,2026-08-10T19:35:13.583064+00:00,8.24,0.0,stop_first,0.0,REVERSAL,1.0
1514881,XAUUSD,BUY,4387.24,2026-08-11T11:35:00.565698+00:00,7.8,1.0,target_first,0.0,PULLBACK,1.0
1514887,XAUUSD,BUY,4387.19,2026-08-11T11:50:06.566122+00:00,7.8,1.0,target_first,0.0,PULLBACK,1.0
1514889,XAUUSD,BUY,4387.34,2026-08-11T11:55:01.564848+00:00,7.8,1.0,target_first,0.0,PULLBACK,1.0
1514875,XAUUSD,BUY,4387.33,2026-08-11T11:20:19.573712+00:00,8.4,1.0,target_first,0.0,PULLBACK,1.0
1514877,XAUUSD,BUY,4387.38,2026-08-11T11:26:00.570522+00:00,8.42,1.0,target_first,0.0,PULLBACK,1.0
1514610,XAUUSD,BUY,4387.46,2026-08-10T20:21:00.586671+00:00,8.0,0.0,stop_first,0.0,RANGE,1.0
1514879,XAUUSD,BUY,4387.61,2026-08-11T11:30:03.564074+00:00,8.04,1.0,target_first,0.0,PULLBACK,1.0
1514885,XAUUSD,BUY,4387.77,2026-08-11T11:45:00.563092+00:00,7.92,1.0,target_first,0.0,RANGE,1.0
1514606,XAUUSD,BUY,4387.8,2026-08-10T20:10:00.557020+00:00,7.96,0.0,stop_first,0.0,PULLBACK,1.0
1514604,XAUUSD,BUY,4387.86,2026-08-10T20:05:00.550447+00:00,8.18,0.0,stop_first,0.0,PULLBACK,1.0
1515088,XAUUSD,BUY,4388.5,2026-08-12T01:40:08.588578+00:00,8.04,0.0,stop_first,0.0,REVERSAL,1.0
1515591,XAUUSD,BUY,4388.48,2026-08-13T10:45:13.570777+00:00,13.02,0.0,stop_first,0.0,RANGE,1.0
1514600,XAUUSD,BUY,4388.6,2026-08-10T19:55:14.562514+00:00,8.78,0.0,stop_first,0.0,REVERSAL,1.0
1514602,XAUUSD,BUY,4388.68,2026-08-10T20:00:30.569503+00:00,8.54,0.0,stop_first,0.0,PULLBACK,1.0
1515086,XAUUSD,BUY,4388.83,2026-08-12T01:35:00.559801+00:00,8.0,0.0,stop_first,0.0,REVERSAL,1.0
1514588,XAUUSD,BUY,4388.87,2026-08-10T19:25:00.556901+00:00,7.6,0.0,stop_first,0.0,REVERSAL,1.0
1515084,XAUUSD,BUY,4388.89,2026-08-12T01:30:22.598316+00:00,7.72,0.0,stop_first,0.0,REVERSAL,1.0
1514596,XAUUSD,BUY,4388.88,2026-08-10T19:45:00.560376+00:00,7.92,0.0,stop_first,0.0,REVERSAL,1.0
1514612,XAUUSD,BUY,4389.09,2026-08-10T20:25:00.551086+00:00,7.5,0.0,stop_first,0.0,RANGE,1.0
1514590,XAUUSD,BUY,4389.33,2026-08-10T19:30:00.577381+00:00,8.0,0.0,stop_first,0.0,REVERSAL,1.0
1514624,XAUUSD,BUY,4389.4,2026-08-10T20:55:25.571345+00:00,6.14,0.0,stop_first,0.0,TREND,1.0
1514594,XAUUSD,BUY,4390.03,2026-08-10T19:40:30.586199+00:00,8.2,0.0,stop_first,0.0,REVERSAL,1.0
1514622,XAUUSD,BUY,4390.11,2026-08-10T20:50:03.565766+00:00,6.44,0.0,stop_first,0.0,RANGE,1.0
1514620,XAUUSD,BUY,4390.29,2026-08-10T20:45:00.548982+00:00,6.56,0.0,stop_first,0.0,RANGE,1.0
1515076,XAUUSD,BUY,4390.42,2026-08-12T01:10:22.605686+00:00,7.8,0.0,stop_first,0.0,REVERSAL,1.0
1515082,XAUUSD,BUY,4390.48,2026-08-12T01:25:02.572052+00:00,7.74,0.0,stop_first,0.0,REVERSAL,1.0
1514618,XAUUSD,BUY,4390.66,2026-08-10T20:41:00.574706+00:00,6.92,0.0,stop_first,0.0,RANGE,1.0
1515599,XAUUSD,BUY,4390.74,2026-08-13T11:05:17.581894+00:00,11.18,0.0,stop_first,0.0,TREND,1.0
1514608,XAUUSD,BUY,4390.76,2026-08-10T20:15:15.562412+00:00,8.0,0.0,stop_first,0.0,RANGE,1.0
1514616,XAUUSD,BUY,4391.15,2026-08-10T20:35:17.563666+00:00,7.12,0.0,stop_first,0.0,RANGE,1.0
1514915,XAUUSD,BUY,4391.09,2026-08-11T13:15:04.565669+00:00,10.7,1.0,target_first,0.0,PULLBACK,1.0
1515080,XAUUSD,BUY,4391.19,2026-08-12T01:20:18.573975+00:00,8.0,0.0,stop_first,0.0,REVERSAL,1.0
1515597,XAUUSD,BUY,4391.21,2026-08-13T11:00:00.556724+00:00,11.5,0.0,stop_first,0.0,TREND,1.0
1515607,XAUUSD,BUY,4391.35,2026-08-13T11:25:18.568043+00:00,10.0,0.0,stop_first,0.0,REVERSAL,1.0
1516462,XAUUSD,BUY,4391.44,2026-08-17T02:20:00.554605+00:00,10.52,,no_touch_in_horizon,12.0,RANGE,1.0
1514892,XAUUSD,BUY,4391.53,2026-08-11T12:06:00.589783+00:00,8.3,1.0,target_first,0.0,RANGE,1.0
1514614,XAUUSD,BUY,4391.84,2026-08-10T20:30:01.551449+00:00,7.52,0.0,stop_first,0.0,RANGE,1.0
1515601,XAUUSD,BUY,4391.9,2026-08-13T11:10:00.548508+00:00,10.68,0.0,stop_first,0.0,TREND,1.0
1515595,XAUUSD,BUY,4391.92,2026-08-13T10:55:14.569867+00:00,11.92,0.0,stop_first,0.0,TREND,1.0
1515593,XAUUSD,BUY,4392.23,2026-08-13T10:50:00.550998+00:00,12.48,0.0,stop_first,0.0,RANGE,1.0
1515090,XAUUSD,BUY,4392.33,2026-08-12T01:45:02.556530+00:00,8.32,0.0,stop_first,0.0,REVERSAL,1.0
1514894,XAUUSD,BUY,4392.48,2026-08-11T12:10:00.548879+00:00,8.7,1.0,target_first,0.0,PULLBACK,1.0
1514631,XAUUSD,BUY,4392.73,2026-08-10T22:15:28.589133+00:00,5.78,0.0,stop_first,0.0,REVERSAL,1.0
1514636,XAUUSD,BUY,4392.98,2026-08-10T22:30:07.567873+00:00,5.2,0.0,stop_first,0.0,REVERSAL,1.0
1516460,XAUUSD,BUY,4393.44,2026-08-17T02:16:00.574773+00:00,10.72,,no_touch_in_horizon,12.0,RANGE,1.0
1516456,XAUUSD,BUY,4393.39,2026-08-17T02:05:00.566979+00:00,11.38,,no_touch_in_horizon,12.0,PULLBACK,1.0
1515605,XAUUSD,BUY,4393.93,2026-08-13T11:20:00.550063+00:00,10.2,0.0,stop_first,0.0,RANGE,1.0
1516452,XAUUSD,BUY,4393.96,2026-08-17T01:55:11.568518+00:00,11.86,,no_touch_in_horizon,12.0,RANGE,1.0
1514638,XAUUSD,BUY,4394.1,2026-08-10T22:35:28.590377+00:00,5.02,0.0,stop_first,0.0,REVERSAL,1.0
1514923,XAUUSD,BUY,4394.29,2026-08-11T13:35:00.552566+00:00,11.54,1.0,target_first,0.0,RANGE,1.0
1516518,XAUUSD,BUY,4394.38,2026-08-17T05:35:24.602309+00:00,8.38,,no_touch_in_horizon,12.0,RANGE,1.0
1514907,XAUUSD,BUY,4394.45,2026-08-11T12:55:09.594116+00:00,9.92,1.0,target_first,0.0,PULLBACK,1.0
1514911,XAUUSD,BUY,4394.75,2026-08-11T13:05:19.569953+00:00,10.02,1.0,target_first,0.0,PULLBACK,1.0
1514598,XAUUSD,BUY,4394.93,2026-08-10T19:50:00.561392+00:00,8.56,0.0,stop_first,0.0,REVERSAL,1.0
1516458,XAUUSD,BUY,4395.08,2026-08-17T02:10:30.600636+00:00,11.04,,no_touch_in_horizon,12.0,PULLBACK,1.0
1514921,XAUUSD,BUY,4395.17,2026-08-11T13:31:00.587941+00:00,10.98,1.0,target_first,0.0,RANGE,1.0
1514896,XAUUSD,BUY,4395.34,2026-08-11T12:15:00.554175+00:00,8.78,1.0,target_first,0.0,PULLBACK,1.0
1514658,XAUUSD,BUY,4395.38,2026-08-10T23:25:04.556044+00:00,5.12,0.0,stop_first,0.0,REVERSAL,1.0
1516450,XAUUSD,BUY,4395.49,2026-08-17T01:50:00.564347+00:00,11.5,,no_touch_in_horizon,12.0,PULLBACK,1.0
1514660,XAUUSD,BUY,4396.03,2026-08-10T23:30:00.552322+00:00,4.88,0.0,stop_first,0.0,REVERSAL,1.0
1515092,XAUUSD,BUY,4396.42,2026-08-12T01:50:18.579748+00:00,8.44,0.0,stop_first,0.0,REVERSAL,1.0
1515098,XAUUSD,BUY,4396.53,2026-08-12T02:05:01.572587+00:00,7.8,,both_touched_same_bar,0.0,REVERSAL,1.0
1516514,XAUUSD,BUY,4396.64,2026-08-17T05:25:05.586133+00:00,7.86,,no_touch_in_horizon,12.0,TREND,1.0
1514652,XAUUSD,BUY,4396.7,2026-08-10T23:10:02.562852+00:00,5.5,0.0,stop_first,0.0,REVERSAL,1.0
1514654,XAUUSD,BUY,4396.83,2026-08-10T23:15:24.591724+00:00,5.54,0.0,stop_first,0.0,REVERSAL,1.0
1516512,XAUUSD,BUY,4396.76,2026-08-17T05:20:00.609262+00:00,8.02,,no_touch_in_horizon,12.0,RANGE,1.0
1514909,XAUUSD,BUY,4396.98,2026-08-11T13:00:01.547247+00:00,10.24,1.0,target_first,0.0,PULLBACK,1.0
1514642,XAUUSD,BUY,4397.27,2026-08-10T22:45:00.552430+00:00,4.96,0.0,stop_first,0.0,REVERSAL,1.0
1516501,XAUUSD,BUY,4397.57,2026-08-17T04:45:00.582517+00:00,7.12,0.0,stop_first,1.0,TREND,1.0
1516454,XAUUSD,BUY,4397.79,2026-08-17T02:00:17.582695+00:00,11.54,,no_touch_in_horizon,12.0,RANGE,1.0
1514668,XAUUSD,BUY,4398.02,2026-08-10T23:50:13.565471+00:00,4.72,0.0,stop_first,0.0,REVERSAL,1.0
1514662,XAUUSD,BUY,4398.02,2026-08-10T23:35:10.565416+00:00,4.88,0.0,stop_first,0.0,REVERSAL,1.0
1514664,XAUUSD,BUY,4398.41,2026-08-10T23:40:26.596618+00:00,4.84,0.0,stop_first,0.0,REVERSAL,1.0
1515110,XAUUSD,BUY,4398.43,2026-08-12T02:35:20.576692+00:00,7.68,,both_touched_same_bar,0.0,TREND,1.0
1514913,XAUUSD,BUY,4398.44,2026-08-11T13:11:00.600618+00:00,10.24,1.0,target_first,0.0,PULLBACK,1.0
1514898,XAUUSD,BUY,4398.64,2026-08-11T12:20:05.558803+00:00,9.0,,both_touched_same_bar,0.0,RANGE,1.0
1516444,XAUUSD,BUY,4398.56,2026-08-17T01:40:00.570292+00:00,10.92,,no_touch_in_horizon,12.0,PULLBACK,1.0
1515100,XAUUSD,BUY,4398.76,2026-08-12T02:10:23.605137+00:00,7.76,0.0,stop_first,0.0,REVERSAL,1.0
1514644,XAUUSD,BUY,4399.16,2026-08-10T22:50:08.575842+00:00,5.08,0.0,stop_first,0.0,REVERSAL,1.0
1515185,XAUUSD,BUY,4399.41,2026-08-12T07:20:17.585392+00:00,7.64,,both_touched_same_bar,0.0,TREND,1.0
1514672,XAUUSD,BUY,4399.46,2026-08-11T00:00:10.577152+00:00,5.32,,both_touched_same_bar,0.0,TREND,1.0
1514919,XAUUSD,BUY,4399.7,2026-08-11T13:25:18.565587+00:00,10.9,1.0,target_first,0.0,PULLBACK,1.0
1514917,XAUUSD,BUY,4399.71,2026-08-11T13:20:00.551081+00:00,10.96,1.0,target_first,0.0,PULLBACK,1.0
1515183,XAUUSD,BUY,4400.09,2026-08-12T07:15:00.564708+00:00,7.88,,both_touched_same_bar,0.0,TREND,1.0
1516446,XAUUSD,BUY,4400.05,2026-08-17T01:45:04.566435+00:00,11.14,,no_touch_in_horizon,12.0,PULLBACK,1.0
1514646,XAUUSD,BUY,4400.17,2026-08-10T22:55:24.591760+00:00,5.0,0.0,stop_first,0.0,REVERSAL,1.0
1515108,XAUUSD,BUY,4400.37,2026-08-12T02:30:04.557576+00:00,7.82,0.0,stop_first,0.0,TREND,1.0
1516442,XAUUSD,BUY,4400.38,2026-08-17T01:36:00.598629+00:00,11.12,,no_touch_in_horizon,12.0,PULLBACK,1.0
1514648,XAUUSD,BUY,4400.51,2026-08-10T23:00:00.554915+00:00,5.02,0.0,stop_first,0.0,REVERSAL,1.0
1515187,XAUUSD,BUY,4400.57,2026-08-12T07:25:00.563389+00:00,7.42,,both_touched_same_bar,0.0,TREND,1.0
1514925,XAUUSD,BUY,4401.0,2026-08-11T13:40:00.561096+00:00,11.82,1.0,target_first,0.0,RANGE,1.0
1514650,XAUUSD,BUY,4401.23,2026-08-10T23:05:09.574453+00:00,5.24,0.0,stop_first,0.0,REVERSAL,1.0
1514670,XAUUSD,BUY,4401.56,2026-08-10T23:55:00.555473+00:00,4.88,0.0,stop_first,0.0,REVERSAL,1.0
1516595,XAUUSD,BUY,4401.72,2026-08-17T11:40:00.582708+00:00,6.66,0.0,stop_first,3.0,PULLBACK,1.0
1515189,XAUUSD,BUY,4401.81,2026-08-12T07:30:18.585016+00:00,7.36,,both_touched_same_bar,0.0,TREND,1.0
1515179,XAUUSD,BUY,4402.15,2026-08-12T07:05:00.553476+00:00,8.04,0.0,stop_first,0.0,TREND,1.0
1515104,XAUUSD,BUY,4402.16,2026-08-12T02:20:00.551820+00:00,8.0,0.0,stop_first,0.0,TREND,1.0
1515106,XAUUSD,BUY,4402.3,2026-08-12T02:25:00.570681+00:00,7.76,0.0,stop_first,0.0,TREND,1.0
1515138,XAUUSD,BUY,4402.49,2026-08-12T03:45:00.552247+00:00,7.76,0.0,stop_first,0.0,REVERSAL,1.0
1514927,XAUUSD,BUY,4402.8,2026-08-11T13:45:20.567196+00:00,11.66,,both_touched_same_bar,0.0,RANGE,1.0
1514674,XAUUSD,BUY,4403.1,2026-08-11T00:05:00.562913+00:00,5.72,,both_touched_same_bar,0.0,REVERSAL,1.0
1515177,XAUUSD,BUY,4403.14,2026-08-12T07:00:20.578770+00:00,8.3,0.0,stop_first,0.0,TREND,1.0
1516588,XAUUSD,BUY,4403.25,2026-08-17T11:20:16.497114+00:00,8.904,0.0,stop_first,7.0,PULLBACK,1.0
1515136,XAUUSD,BUY,4403.45,2026-08-12T03:41:00.571519+00:00,7.82,0.0,stop_first,0.0,REVERSAL,1.0
1516593,XAUUSD,BUY,4403.48,2026-08-17T11:35:00.572850+00:00,6.84,0.0,stop_first,2.0,PULLBACK,1.0
1515181,XAUUSD,BUY,4404.64,2026-08-12T07:10:16.570451+00:00,7.9,0.0,stop_first,0.0,TREND,1.0
388639006,XAUUSD,BUY,4404.71,2026-08-19T12:35:15.692763+00:00,8.03924,1.0,target_first,0.0,REVERSAL,1.0
1516544,XAUUSD,BUY,4405.12,2026-08-17T07:50:30.636239+00:00,8.947,0.0,stop_first,9.0,PULLBACK,1.0
1515199,XAUUSD,BUY,4405.42,2026-08-12T07:55:00.562857+00:00,7.36,0.0,stop_first,0.0,RANGE,1.0
1515191,XAUUSD,BUY,4405.75,2026-08-12T07:35:00.553047+00:00,7.54,,both_touched_same_bar,0.0,TREND,1.0
1515128,XAUUSD,BUY,4405.93,2026-08-12T03:21:00.602374+00:00,8.7,0.0,stop_first,0.0,TREND,1.0
1516631,XAUUSD,BUY,4406.25,2026-08-17T14:05:23.718265+00:00,14.256,1.0,target_first,1.0,TREND,1.0
1515134,XAUUSD,BUY,4406.6,2026-08-12T03:35:11.579002+00:00,8.06,0.0,stop_first,0.0,REVERSAL,1.0
1515126,XAUUSD,BUY,4406.87,2026-08-12T03:16:00.590278+00:00,9.06,0.0,stop_first,0.0,TREND,1.0
1515213,XAUUSD,BUY,4406.96,2026-08-12T08:25:06.571719+00:00,6.54,,both_touched_same_bar,0.0,TREND,1.0
1515208,XAUUSD,BUY,4407.11,2026-08-12T08:15:17.597591+00:00,6.94,,both_touched_same_bar,0.0,TREND,1.0
1515112,XAUUSD,BUY,4407.1,2026-08-12T02:41:00.587444+00:00,8.36,0.0,stop_first,0.0,TREND,1.0
1514679,XAUUSD,BUY,4407.22,2026-08-11T00:15:00.565185+00:00,6.26,0.0,stop_first,0.0,REVERSAL,1.0
1515132,XAUUSD,BUY,4407.33,2026-08-12T03:30:07.574298+00:00,8.22,0.0,stop_first,0.0,REVERSAL,1.0
1515130,XAUUSD,BUY,4407.3,2026-08-12T03:25:00.566924+00:00,8.44,0.0,stop_first,0.0,TREND,1.0
1515193,XAUUSD,BUY,4407.38,2026-08-12T07:40:17.579085+00:00,7.44,,both_touched_same_bar,0.0,TREND,1.0
1516440,XAUUSD,BUY,4407.46,2026-08-17T01:31:00.606019+00:00,11.04,0.0,stop_first,2.0,PULLBACK,1.0
1515195,XAUUSD,BUY,4407.67,2026-08-12T07:45:00.552899+00:00,7.38,0.0,stop_first,0.0,TREND,1.0
1514677,XAUUSD,BUY,4408.04,2026-08-11T00:10:06.580026+00:00,5.98,0.0,stop_first,0.0,REVERSAL,1.0
1516542,XAUUSD,BUY,4408.32,2026-08-17T07:45:23.615436+00:00,9.312,0.0,stop_first,3.0,PULLBACK,1.0
1515211,XAUUSD,BUY,4408.4,2026-08-12T08:20:00.552773+00:00,6.72,,both_touched_same_bar,0.0,REVERSAL,1.0
1515205,XAUUSD,BUY,4408.4,2026-08-12T08:10:01.566377+00:00,7.18,,both_touched_same_bar,0.0,TREND,1.0
1514682,XAUUSD,BUY,4408.57,2026-08-11T00:20:06.574305+00:00,6.22,,both_touched_same_bar,0.0,REVERSAL,1.0
1515201,XAUUSD,BUY,4408.58,2026-08-12T08:00:07.565595+00:00,7.26,0.0,stop_first,0.0,TREND,1.0
1515114,XAUUSD,BUY,4408.73,2026-08-12T02:45:01.555560+00:00,8.46,0.0,stop_first,0.0,TREND,1.0
1516633,XAUUSD,BUY,4408.67,2026-08-17T14:11:00.756362+00:00,14.064,1.0,target_first,1.0,TREND,1.0
1514690,XAUUSD,BUY,4409.16,2026-08-11T00:40:12.558512+00:00,7.28,,both_touched_same_bar,0.0,REVERSAL,1.0
1515197,XAUUSD,BUY,4409.16,2026-08-12T07:50:18.558793+00:00,7.34,0.0,stop_first,0.0,TREND,1.0
1516438,XAUUSD,BUY,4409.16,2026-08-17T01:26:00.594249+00:00,11.06,0.0,stop_first,2.0,RANGE,1.0
1515203,XAUUSD,BUY,4410.2,2026-08-12T08:05:00.567073+00:00,7.24,0.0,stop_first,0.0,TREND,1.0
1515122,XAUUSD,BUY,4410.5,2026-08-12T03:05:01.561344+00:00,8.42,0.0,stop_first,0.0,TREND,1.0
1514696,XAUUSD,BUY,4411.28,2026-08-11T00:55:00.561809+00:00,7.72,0.0,stop_first,0.0,REVERSAL,1.0
1514694,XAUUSD,BUY,4412.06,2026-08-11T00:50:08.556304+00:00,7.82,0.0,stop_first,0.0,REVERSAL,1.0
1515118,XAUUSD,BUY,4412.09,2026-08-12T02:55:20.586910+00:00,8.54,0.0,stop_first,0.0,TREND,1.0
1515116,XAUUSD,BUY,4412.24,2026-08-12T02:50:00.553335+00:00,8.64,0.0,stop_first,0.0,TREND,1.0
1514688,XAUUSD,BUY,4412.32,2026-08-11T00:35:00.574681+00:00,6.48,0.0,stop_first,0.0,REVERSAL,1.0
1515242,XAUUSD,BUY,4412.57,2026-08-12T09:55:02.565486+00:00,8.02,0.0,stop_first,0.0,REVERSAL,1.0
388639008,XAUUSD,BUY,4412.61,2026-08-19T12:40:28.700865+00:00,9.75338,1.0,target_first,1.0,REVERSAL,1.0
1514686,XAUUSD,BUY,4412.79,2026-08-11T00:30:05.554649+00:00,6.76,0.0,stop_first,0.0,REVERSAL,1.0
1515120,XAUUSD,BUY,4413.05,2026-08-12T03:00:00.565453+00:00,8.32,0.0,stop_first,0.0,TREND,1.0
1515232,XAUUSD,BUY,4413.23,2026-08-12T09:30:00.567918+00:00,8.42,,both_touched_same_bar,0.0,REVERSAL,1.0
1515238,XAUUSD,BUY,4413.54,2026-08-12T09:46:00.582628+00:00,8.08,0.0,stop_first,0.0,TREND,1.0
1515240,XAUUSD,BUY,4413.56,2026-08-12T09:50:00.566839+00:00,8.1,0.0,stop_first,0.0,TREND,1.0
1516627,XAUUSD,BUY,4413.62,2026-08-17T13:55:04.680371+00:00,10.0482,1.0,target_first,4.0,TREND,1.0
1515234,XAUUSD,BUY,4414.01,2026-08-12T09:35:08.574147+00:00,8.3,0.0,stop_first,0.0,REVERSAL,1.0
1515260,XAUUSD,BUY,4414.22,2026-08-12T10:40:06.554353+00:00,6.86,0.0,stop_first,0.0,REVERSAL,1.0
1515262,XAUUSD,BUY,4414.49,2026-08-12T10:45:22.597015+00:00,6.66,0.0,stop_first,0.0,REVERSAL,1.0
1515124,XAUUSD,BUY,4414.54,2026-08-12T03:10:18.579657+00:00,8.68,0.0,stop_first,0.0,TREND,1.0
1514684,XAUUSD,BUY,4414.61,2026-08-11T00:25:27.597800+00:00,6.64,0.0,stop_first,0.0,REVERSAL,1.0
1514702,XAUUSD,BUY,4414.81,2026-08-11T01:10:00.558214+00:00,10.72,0.0,stop_first,0.0,REVERSAL,1.0
1516645,XAUUSD,BUY,4415.09,2026-08-17T14:45:14.754154+00:00,15.84,,no_touch_in_horizon,12.0,TREND,1.0
1515244,XAUUSD,BUY,4415.28,2026-08-12T10:00:22.579934+00:00,8.1,0.0,stop_first,0.0,REVERSAL,1.0
1516649,XAUUSD,BUY,4415.47,2026-08-17T14:56:00.803435+00:00,15.432,,no_touch_in_horizon,12.0,REVERSAL,1.0
1514708,XAUUSD,BUY,4415.6,2026-08-11T01:25:13.566814+00:00,10.62,0.0,stop_first,0.0,REVERSAL,1.0
1515236,XAUUSD,BUY,4416.22,2026-08-12T09:40:22.847952+00:00,8.28,0.0,stop_first,0.0,REVERSAL,1.0
1515258,XAUUSD,BUY,4416.54,2026-08-12T10:35:00.563020+00:00,6.76,0.0,stop_first,0.0,REVERSAL,1.0
1515246,XAUUSD,BUY,4416.46,2026-08-12T10:06:00.591439+00:00,7.9,0.0,stop_first,0.0,TREND,1.0
1516750,XAUUSD,BUY,4417.44,2026-08-17T20:10:19.587515+00:00,8.004,,no_touch_in_horizon,12.0,RANGE,1.0
1514714,XAUUSD,BUY,4417.37,2026-08-11T01:40:22.590011+00:00,10.58,0.0,stop_first,0.0,REVERSAL,1.0
1514692,XAUUSD,BUY,4417.54,2026-08-11T00:45:00.560231+00:00,7.48,0.0,stop_first,0.0,REVERSAL,1.0
1516748,XAUUSD,BUY,4417.46,2026-08-17T20:05:10.582301+00:00,8.441,,no_touch_in_horizon,12.0,PULLBACK,1.0
1514704,XAUUSD,BUY,4417.51,2026-08-11T01:15:11.576162+00:00,10.72,0.0,stop_first,0.0,REVERSAL,1.0
1516653,XAUUSD,BUY,4417.52,2026-08-17T15:05:10.770030+00:00,14.424,,no_touch_in_horizon,12.0,REVERSAL,1.0
1516754,XAUUSD,BUY,4417.72,2026-08-17T20:21:00.590958+00:00,7.13,,no_touch_in_horizon,12.0,PULLBACK,1.0
1516752,XAUUSD,BUY,4417.78,2026-08-17T20:15:28.603269+00:00,7.92,,no_touch_in_horizon,12.0,RANGE,1.0
1516651,XAUUSD,BUY,4417.76,2026-08-17T15:00:00.691040+00:00,14.88,,no_touch_in_horizon,12.0,TREND,1.0
1515250,XAUUSD,BUY,4418.07,2026-08-12T10:15:00.568771+00:00,7.5,0.0,stop_first,0.0,TREND,1.0
1515229,XAUUSD,BUY,4418.1,2026-08-12T09:25:00.567953+00:00,8.08,,both_touched_same_bar,0.0,REVERSAL,1.0
1515248,XAUUSD,BUY,4418.7,2026-08-12T10:10:00.565695+00:00,7.74,0.0,stop_first,0.0,TREND,1.0
1516647,XAUUSD,BUY,4418.94,2026-08-17T14:50:29.851426+00:00,15.019,,no_touch_in_horizon,12.0,REVERSAL,1.0
1514706,XAUUSD,BUY,4419.0,2026-08-11T01:20:00.554029+00:00,11.08,0.0,stop_first,0.0,REVERSAL,1.0
1514712,XAUUSD,BUY,4419.3,2026-08-11T01:35:03.561843+00:00,10.32,0.0,stop_first,0.0,TREND,1.0
1515252,XAUUSD,BUY,4419.63,2026-08-12T10:20:18.578048+00:00,7.24,0.0,stop_first,0.0,TREND,1.0
1516643,XAUUSD,BUY,4419.57,2026-08-17T14:40:00.659183+00:00,16.296,,no_touch_in_horizon,12.0,RANGE,1.0
1515256,XAUUSD,BUY,4419.7,2026-08-12T10:30:00.564944+00:00,6.94,0.0,stop_first,0.0,REVERSAL,1.0
1514716,XAUUSD,BUY,4419.72,2026-08-11T01:45:00.557114+00:00,10.92,,both_touched_same_bar,0.0,TREND,1.0
1516636,XAUUSD,BUY,4419.71,2026-08-17T14:25:21.767583+00:00,16.224,,no_touch_in_horizon,12.0,REVERSAL,1.0
1515254,XAUUSD,BUY,4420.24,2026-08-12T10:26:00.601835+00:00,7.14,0.0,stop_first,0.0,REVERSAL,1.0
1516668,XAUUSD,BUY,4420.27,2026-08-17T15:45:00.731938+00:00,13.1,,no_touch_in_horizon,12.0,RANGE,1.0
1516657,XAUUSD,BUY,4420.26,2026-08-17T15:16:00.840807+00:00,14.16,,no_touch_in_horizon,12.0,TREND,1.0
1516791,XAUUSD,BUY,4420.68,2026-08-18T00:10:00.715780+00:00,7.752,1.0,target_first,1.0,TREND,1.0
1516666,XAUUSD,BUY,4420.87,2026-08-17T15:41:00.864284+00:00,12.768,,no_touch_in_horizon,12.0,TREND,1.0
1514710,XAUUSD,BUY,4421.03,2026-08-11T01:30:00.555944+00:00,10.7,0.0,stop_first,0.0,REVERSAL,1.0
1515390,XAUUSD,BUY,4421.12,2026-08-13T01:40:15.560474+00:00,13.52,0.0,stop_first,2.0,RANGE,1.0
1515384,XAUUSD,BUY,4421.79,2026-08-13T01:26:00.577149+00:00,13.58,1.0,target_first,0.0,PULLBACK,1.0
1516787,XAUUSD,BUY,4421.92,2026-08-18T00:00:17.712070+00:00,7.08,1.0,target_first,3.0,TREND,1.0
1515382,XAUUSD,BUY,4422.09,2026-08-13T01:20:16.591079+00:00,14.14,1.0,target_first,0.0,PULLBACK,1.0
1516685,XAUUSD,BUY,4423.26,2026-08-17T16:30:23.602593+00:00,10.224,,no_touch_in_horizon,12.0,RANGE,1.0
1516793,XAUUSD,BUY,4423.35,2026-08-18T00:15:04.714048+00:00,7.92,1.0,target_first,0.0,PULLBACK,1.0
1516683,XAUUSD,BUY,4423.38,2026-08-17T16:25:14.598816+00:00,10.097,,no_touch_in_horizon,12.0,PULLBACK,1.0
1516693,XAUUSD,BUY,4423.84,2026-08-17T16:50:08.589296+00:00,9.216,0.0,stop_first,6.0,RANGE,1.0
388639012,XAUUSD,BUY,4423.76,2026-08-19T12:50:00.683868+00:00,10.66552,1.0,target_first,0.0,TREND,1.0
1516691,XAUUSD,BUY,4423.98,2026-08-17T16:45:00.587827+00:00,9.456,0.0,stop_first,7.0,RANGE,1.0
1516670,XAUUSD,BUY,4424.04,2026-08-17T15:50:05.685780+00:00,12.504,,no_touch_in_horizon,12.0,PULLBACK,1.0
1516789,XAUUSD,BUY,4424.07,2026-08-18T00:05:25.749166+00:00,7.725,1.0,target_first,4.0,TREND,1.0
1516695,XAUUSD,BUY,4425.0,2026-08-17T16:55:18.585347+00:00,8.694,0.0,stop_first,4.0,PULLBACK,1.0
1516673,XAUUSD,BUY,4425.5,2026-08-17T16:00:25.614463+00:00,12.0,,no_touch_in_horizon,12.0,RANGE,1.0
1516675,XAUUSD,BUY,4426.08,2026-08-17T16:06:00.616081+00:00,11.688,,no_touch_in_horizon,12.0,PULLBACK,1.0
1516687,XAUUSD,BUY,4426.37,2026-08-17T16:36:00.620343+00:00,10.08,0.0,stop_first,8.0,PULLBACK,1.0
1514718,XAUUSD,BUY,4426.35,2026-08-11T01:50:15.567443+00:00,11.36,0.0,stop_first,0.0,TREND,1.0
1516795,XAUUSD,BUY,4426.53,2026-08-18T00:20:00.727823+00:00,8.395,1.0,target_first,6.0,PULLBACK,1.0
1516689,XAUUSD,BUY,4426.47,2026-08-17T16:41:00.640433+00:00,9.361,0.0,stop_first,7.0,RANGE,1.0
1515356,XAUUSD,BUY,4426.47,2026-08-13T00:15:20.559215+00:00,9.7,1.0,target_first,0.0,RANGE,1.0
1514734,XAUUSD,BUY,4426.5,2026-08-11T02:30:03.577675+00:00,11.74,0.0,stop_first,0.0,REVERSAL,1.0
1514722,XAUUSD,BUY,4426.72,2026-08-11T02:00:23.591166+00:00,11.66,0.0,stop_first,0.0,TREND,1.0
1515301,XAUUSD,BUY,4426.69,2026-08-12T12:50:00.568820+00:00,19.66,0.0,stop_first,0.0,TREND,1.0
1516816,XAUUSD,BUY,4426.78,2026-08-18T01:15:11.667952+00:00,10.051,0.0,stop_first,4.0,PULLBACK,1.0
1515286,XAUUSD,BUY,4426.8,2026-08-12T12:36:00.584865+00:00,18.98,,event_skip,,RANGE,1.0
1515362,XAUUSD,BUY,4427.09,2026-08-13T00:30:01.562141+00:00,10.76,,both_touched_same_bar,0.0,TREND,1.0
1514726,XAUUSD,BUY,4427.22,2026-08-11T02:10:05.561526+00:00,11.86,0.0,stop_first,0.0,TREND,1.0
1515388,XAUUSD,BUY,4427.35,2026-08-13T01:35:00.551394+00:00,13.72,0.0,stop_first,1.0,RANGE,1.0
1515292,XAUUSD,BUY,4427.88,2026-08-12T12:40:00.564540+00:00,18.86,0.0,stop_first,0.0,RANGE,1.0
1514724,XAUUSD,BUY,4428.65,2026-08-11T02:05:00.563903+00:00,11.62,0.0,stop_first,0.0,TREND,1.0
1515386,XAUUSD,BUY,4428.61,2026-08-13T01:31:00.574646+00:00,14.22,0.0,stop_first,2.0,PULLBACK,1.0
1516808,XAUUSD,BUY,4429.1,2026-08-18T00:56:01.082455+00:00,8.736,0.0,stop_first,5.0,PULLBACK,1.0
1516801,XAUUSD,BUY,4429.34,2026-08-18T00:40:08.685680+00:00,9.315,0.0,stop_first,11.0,PULLBACK,1.0
1516803,XAUUSD,BUY,4429.67,2026-08-18T00:45:17.714548+00:00,9.36,0.0,stop_first,7.0,PULLBACK,1.0
1516805,XAUUSD,BUY,4429.94,2026-08-18T00:50:25.707726+00:00,8.904,0.0,stop_first,6.0,PULLBACK,1.0
1515360,XAUUSD,BUY,4430.01,2026-08-13T00:25:00.563333+00:00,10.68,,both_touched_same_bar,0.0,RANGE,1.0
1516814,XAUUSD,BUY,4430.11,2026-08-18T01:10:04.588041+00:00,10.248,0.0,stop_first,5.0,PULLBACK,1.0
1515303,XAUUSD,BUY,4430.22,2026-08-12T12:55:08.591553+00:00,19.08,0.0,stop_first,0.0,TREND,1.0
1514732,XAUUSD,BUY,4430.3,2026-08-11T02:25:27.580781+00:00,12.1,0.0,stop_first,0.0,REVERSAL,1.0
1515372,XAUUSD,BUY,4430.37,2026-08-13T00:55:06.567859+00:00,12.98,0.0,stop_first,7.0,PULLBACK,1.0
1514730,XAUUSD,BUY,4430.47,2026-08-11T02:20:14.573803+00:00,11.86,0.0,stop_first,0.0,REVERSAL,1.0
1515374,XAUUSD,BUY,4431.0,2026-08-13T01:01:00.591202+00:00,14.0,0.0,stop_first,6.0,PULLBACK,1.0
1515370,XAUUSD,BUY,4431.36,2026-08-13T00:50:00.566682+00:00,13.42,0.0,stop_first,8.0,PULLBACK,1.0
1514720,XAUUSD,BUY,4431.9,2026-08-11T01:55:04.559321+00:00,11.74,0.0,stop_first,0.0,TREND,1.0
1515358,XAUUSD,BUY,4432.41,2026-08-13T00:21:00.583618+00:00,9.88,0.0,stop_first,0.0,RANGE,1.0
1516812,XAUUSD,BUY,4432.83,2026-08-18T01:05:00.682428+00:00,10.296,0.0,stop_first,2.0,PULLBACK,1.0
1514728,XAUUSD,BUY,4433.26,2026-08-11T02:15:00.552898+00:00,12.28,0.0,stop_first,0.0,REVERSAL,1.0
1515378,XAUUSD,BUY,4433.57,2026-08-13T01:11:00.587761+00:00,13.42,0.0,stop_first,1.0,PULLBACK,1.0
1515380,XAUUSD,BUY,4433.85,2026-08-13T01:15:00.567998+00:00,13.5,0.0,stop_first,0.0,PULLBACK,1.0
1515376,XAUUSD,BUY,4434.79,2026-08-13T01:05:18.631679+00:00,13.74,0.0,stop_first,2.0,PULLBACK,1.0
1515368,XAUUSD,BUY,4438.53,2026-08-13T00:46:00.588285+00:00,12.86,0.0,stop_first,1.0,PULLBACK,1.0
1515366,XAUUSD,BUY,4439.1,2026-08-13T00:40:29.565102+00:00,13.22,0.0,stop_first,0.0,PULLBACK,1.0
388639014,XAUUSD,BUY,4441.18,2026-08-19T12:55:03.691399+00:00,11.85641,0.0,stop_first,0.0,REVERSAL,1.0
1515364,XAUUSD,BUY,4444.6,2026-08-13T00:35:14.589345+00:00,13.38,0.0,stop_first,0.0,RANGE,1.0
388639019,XAUUSD,BUY,4458.93,2026-08-19T13:11:00.836085+00:00,14.27507,0.0,stop_first,4.0,REVERSAL,1.0
388639343,XAUUSD,BUY,4477.53,2026-08-20T13:05:00.619432+00:00,13.1,1.0,target_first,0.0,REVERSAL,1.0
388639041,XAUUSD,BUY,4480.13,2026-08-19T14:46:00.715783+00:00,10.27943,1.0,target_first,10.0,TREND,1.0
388639341,XAUUSD,BUY,4481.76,2026-08-20T13:00:10.680251+00:00,13.52,0.0,stop_first,5.0,REVERSAL,1.0
388639094,XAUUSD,BUY,4483.31,2026-08-19T18:20:16.674163+00:00,7.14405,0.0,stop_first,0.0,REVERSAL,1.0
388639092,XAUUSD,BUY,4484.29,2026-08-19T18:15:05.634526+00:00,7.29455,0.0,stop_first,1.0,REVERSAL,1.0
388639085,XAUUSD,BUY,4486.76,2026-08-19T17:26:00.685928+00:00,7.07106,1.0,target_first,6.0,PULLBACK,1.0
388639048,XAUUSD,BUY,4487.51,2026-08-19T15:40:21.714254+00:00,10.53065,1.0,target_first,5.0,TREND,1.0
388639046,XAUUSD,BUY,4487.49,2026-08-19T15:35:11.686728+00:00,11.15878,1.0,target_first,6.0,TREND,1.0
388639090,XAUUSD,BUY,4488.77,2026-08-19T18:10:00.662139+00:00,7.47727,0.0,stop_first,1.0,REVERSAL,1.0
388639088,XAUUSD,BUY,4488.9,2026-08-19T17:35:00.623660+00:00,6.88832,1.0,target_first,4.0,RANGE,1.0
388639083,XAUUSD,BUY,4490.14,2026-08-19T17:15:11.688117+00:00,7.23981,0.0,stop_first,11.0,PULLBACK,1.0
388639081,XAUUSD,BUY,4490.68,2026-08-19T17:10:00.647664+00:00,7.1884,,no_touch_in_horizon,12.0,RANGE,1.0
388639052,XAUUSD,BUY,4490.91,2026-08-19T15:50:08.675605+00:00,10.36184,,no_touch_in_horizon,12.0,RANGE,1.0
388639054,XAUUSD,BUY,4491.96,2026-08-19T15:55:19.693094+00:00,10.05859,,no_touch_in_horizon,12.0,RANGE,1.0
388639067,XAUUSD,BUY,4493.07,2026-08-19T16:35:00.616307+00:00,8.36984,0.0,stop_first,10.0,RANGE,1.0
388639063,XAUUSD,BUY,4493.36,2026-08-19T16:25:19.675706+00:00,8.60373,,no_touch_in_horizon,12.0,PULLBACK,1.0
388639057,XAUUSD,BUY,4493.64,2026-08-19T16:05:09.631755+00:00,9.47885,,no_touch_in_horizon,12.0,RANGE,1.0
388639061,XAUUSD,BUY,4494.1,2026-08-19T16:20:09.676023+00:00,8.69664,,no_touch_in_horizon,12.0,PULLBACK,1.0
388639065,XAUUSD,BUY,4494.78,2026-08-19T16:31:00.710409+00:00,8.53685,0.0,stop_first,10.0,RANGE,1.0
388639071,XAUUSD,BUY,4495.07,2026-08-19T16:45:08.641059+00:00,7.81353,0.0,stop_first,5.0,RANGE,1.0
388639069,XAUUSD,BUY,4495.11,2026-08-19T16:40:00.622635+00:00,8.08228,0.0,stop_first,8.0,RANGE,1.0
388639075,XAUUSD,BUY,4495.22,2026-08-19T16:55:30.741854+00:00,7.31657,0.0,stop_first,3.0,PULLBACK,1.0
388639176,XAUUSD,BUY,4512.08,2026-08-20T00:20:01.631776+00:00,8.36,0.0,stop_first,7.0,RANGE,1.0
388639395,XAUUSD,BUY,4514.59,2026-08-20T16:10:08.735617+00:00,17.0,0.0,stop_first,0.0,TREND,1.0
388639168,XAUUSD,BUY,4515.42,2026-08-20T00:00:23.744613+00:00,7.02,0.0,stop_first,7.0,PULLBACK,1.0
388639158,XAUUSD,BUY,4516.89,2026-08-19T23:25:00.641962+00:00,7.14,0.0,stop_first,11.0,PULLBACK,1.0
388639170,XAUUSD,BUY,4516.98,2026-08-20T00:06:00.709669+00:00,7.36,0.0,stop_first,3.0,PULLBACK,1.0
388639383,XAUUSD,BUY,4517.46,2026-08-20T15:40:08.630051+00:00,18.94,0.0,stop_first,0.0,TREND,1.0
388639385,XAUUSD,BUY,4517.51,2026-08-20T15:45:19.669705+00:00,19.34,0.0,stop_first,0.0,TREND,1.0
388639140,XAUUSD,BUY,4518.89,2026-08-19T22:40:19.677244+00:00,5.3164,,no_touch_in_horizon,12.0,PULLBACK,1.0
388639138,XAUUSD,BUY,4518.97,2026-08-19T22:35:09.674578+00:00,5.71335,,no_touch_in_horizon,12.0,PULLBACK,1.0
388639146,XAUUSD,BUY,4519.4,2026-08-19T22:55:05.700740+00:00,5.18391,0.0,stop_first,6.0,PULLBACK,1.0
388639504,XAUUSD,BUY,4519.74,2026-08-21T02:10:17.704030+00:00,11.92,0.0,stop_first,0.0,REVERSAL,1.0
388639387,XAUUSD,BUY,4519.73,2026-08-20T15:50:00.635276+00:00,18.8,0.0,stop_first,0.0,TREND,1.0
388639393,XAUUSD,BUY,4520.08,2026-08-20T16:05:00.627279+00:00,17.24,0.0,stop_first,0.0,TREND,1.0
388639142,XAUUSD,BUY,4520.22,2026-08-19T22:45:30.737933+00:00,5.16786,0.0,stop_first,8.0,PULLBACK,1.0
388639134,XAUUSD,BUY,4520.23,2026-08-19T22:25:05.680078+00:00,5.94291,,no_touch_in_horizon,12.0,RANGE,1.0
388639130,XAUUSD,BUY,4520.21,2026-08-19T22:15:28.742912+00:00,6.37407,,no_touch_in_horizon,12.0,RANGE,1.0
388639128,XAUUSD,BUY,4520.49,2026-08-19T22:10:17.730279+00:00,6.63017,,no_touch_in_horizon,12.0,RANGE,1.0
388639152,XAUUSD,BUY,4520.47,2026-08-19T23:10:24.698461+00:00,7.24,0.0,stop_first,7.0,TREND,1.0
388639132,XAUUSD,BUY,4520.64,2026-08-19T22:20:00.669361+00:00,6.08035,,no_touch_in_horizon,12.0,RANGE,1.0
388639389,XAUUSD,BUY,4520.73,2026-08-20T15:55:00.613785+00:00,18.46,0.0,stop_first,0.0,TREND,1.0
388639144,XAUUSD,BUY,4521.44,2026-08-19T22:50:00.645802+00:00,5.37285,0.0,stop_first,5.0,PULLBACK,1.0
388639136,XAUUSD,BUY,4522.13,2026-08-19T22:30:00.631814+00:00,5.78206,0.0,stop_first,9.0,PULLBACK,1.0
388639506,XAUUSD,BUY,4522.17,2026-08-21T02:15:00.645446+00:00,11.5,0.0,stop_first,0.0,REVERSAL,1.0
388639126,XAUUSD,BUY,4522.58,2026-08-19T22:05:09.666241+00:00,6.83793,,no_touch_in_horizon,12.0,TREND,1.0
388639150,XAUUSD,BUY,4522.57,2026-08-19T23:05:10.689619+00:00,7.46,0.0,stop_first,4.0,RANGE,1.0
388639508,XAUUSD,BUY,4523.46,2026-08-21T02:20:08.631528+00:00,10.9,0.0,stop_first,0.0,REVERSAL,1.0
388639148,XAUUSD,BUY,4523.68,2026-08-19T23:00:00.640258+00:00,7.64,0.0,stop_first,3.0,RANGE,1.0
388639381,XAUUSD,BUY,4523.75,2026-08-20T15:35:00.641695+00:00,19.14,0.0,stop_first,0.0,TREND,1.0
388639391,XAUUSD,BUY,4524.43,2026-08-20T16:00:07.657814+00:00,17.8,0.0,stop_first,0.0,TREND,1.0
388639514,XAUUSD,BUY,4527.26,2026-08-21T02:35:00.613186+00:00,10.64,,both_touched_same_bar,0.0,REVERSAL,1.0
388639379,XAUUSD,BUY,4527.66,2026-08-20T15:30:16.655366+00:00,19.2,0.0,stop_first,0.0,TREND,1.0
388639541,XAUUSD,BUY,4528.8,2026-08-21T03:40:00.668983+00:00,10.3,0.0,stop_first,0.0,REVERSAL,1.0
388639512,XAUUSD,BUY,4528.86,2026-08-21T02:30:28.692923+00:00,11.1,0.0,stop_first,0.0,REVERSAL,1.0
388639510,XAUUSD,BUY,4529.37,2026-08-21T02:25:19.701192+00:00,10.94,0.0,stop_first,0.0,REVERSAL,1.0
388639470,XAUUSD,BUY,4529.73,2026-08-20T23:20:00.645959+00:00,6.56,0.0,stop_first,0.0,REVERSAL,1.0
388639539,XAUUSD,BUY,4531.02,2026-08-21T03:35:30.689061+00:00,10.48,0.0,stop_first,0.0,REVERSAL,1.0
388639544,XAUUSD,BUY,4531.07,2026-08-21T03:45:05.625000+00:00,10.0,0.0,stop_first,0.0,REVERSAL,1.0
388639368,XAUUSD,BUY,4531.73,2026-08-20T15:00:17.714050+00:00,11.18533,0.0,stop_first,0.0,TREND,1.0
388639535,XAUUSD,BUY,4531.95,2026-08-21T03:25:15.700274+00:00,10.08,0.0,stop_first,0.0,REVERSAL,1.0
388639546,XAUUSD,BUY,4533.1,2026-08-21T03:50:00.678296+00:00,9.9,0.0,stop_first,0.0,REVERSAL,1.0
388639531,XAUUSD,BUY,4533.28,2026-08-21T03:15:00.650033+00:00,10.72,0.0,stop_first,0.0,REVERSAL,1.0
388639548,XAUUSD,BUY,4533.36,2026-08-21T03:55:04.683447+00:00,9.4,0.0,stop_first,0.0,REVERSAL,1.0
388639516,XAUUSD,BUY,4533.41,2026-08-21T02:40:03.659569+00:00,10.82,0.0,stop_first,0.0,REVERSAL,1.0
388639527,XAUUSD,BUY,4533.76,2026-08-21T03:06:00.753086+00:00,11.32,0.0,stop_first,0.0,REVERSAL,1.0
388639518,XAUUSD,BUY,4536.11,2026-08-21T02:45:00.617447+00:00,11.08,0.0,stop_first,0.0,REVERSAL,1.0
388639574,XAUUSD,BUY,4536.46,2026-08-21T05:10:00.652960+00:00,7.6,0.0,stop_first,0.0,TREND,1.0
388639524,XAUUSD,BUY,4536.54,2026-08-21T03:01:00.736368+00:00,11.7,0.0,stop_first,0.0,REVERSAL,1.0
388639554,XAUUSD,BUY,4537.67,2026-08-21T04:10:00.659101+00:00,9.02,0.0,stop_first,0.0,REVERSAL,1.0
388639522,XAUUSD,BUY,4538.0,2026-08-21T02:55:24.699266+00:00,11.14,0.0,stop_first,0.0,REVERSAL,1.0
388639566,XAUUSD,BUY,4541.72,2026-08-21T04:50:04.651402+00:00,8.0,0.0,stop_first,0.0,REVERSAL,1.0
388639568,XAUUSD,BUY,4542.16,2026-08-21T04:55:14.685685+00:00,7.68,0.0,stop_first,0.0,REVERSAL,1.0
388639560,XAUUSD,BUY,4542.95,2026-08-21T04:35:00.647438+00:00,8.86,0.0,stop_first,0.0,REVERSAL,1.0
388639594,XAUUSD,BUY,4555.74,2026-08-21T06:25:12.654593+00:00,7.60882,,both_touched_same_bar,0.0,TREND,1.0
388639596,XAUUSD,BUY,4557.58,2026-08-21T06:30:00.784654+00:00,7.54083,,both_touched_same_bar,0.0,TREND,1.0
388639602,XAUUSD,BUY,4563.97,2026-08-21T06:45:00.623566+00:00,7.5996,0.0,stop_first,0.0,TREND,1.0
388639635,XAUUSD,BUY,4565.14,2026-08-21T08:10:22.728063+00:00,9.98,0.0,stop_first,0.0,TREND,1.0
388639598,XAUUSD,BUY,4565.2,2026-08-21T06:35:01.678117+00:00,7.94698,0.0,stop_first,0.0,TREND,1.0
388639623,XAUUSD,BUY,4566.19,2026-08-21T07:41:00.739624+00:00,7.27399,0.0,stop_first,0.0,TREND,1.0
388639604,XAUUSD,BUY,4566.63,2026-08-21T06:50:08.658975+00:00,7.46582,0.0,stop_first,0.0,TREND,1.0
388639637,XAUUSD,BUY,4567.89,2026-08-21T08:15:00.653199+00:00,7.09966,,both_touched_same_bar,0.0,TREND,1.0
388639615,XAUUSD,BUY,4567.89,2026-08-21T07:20:06.628223+00:00,7.63974,0.0,stop_first,0.0,TREND,1.0
388639639,XAUUSD,BUY,4574.95,2026-08-21T08:20:06.655645+00:00,7.56907,0.0,stop_first,0.0,TREND,1.0
388639643,XAUUSD,BUY,4579.9,2026-08-21T08:30:00.658477+00:00,7.38248,0.0,stop_first,0.0,TREND,1.0
388639641,XAUUSD,BUY,4580.04,2026-08-21T08:25:14.674760+00:00,7.64987,0.0,stop_first,0.0,TREND,1.0
388639645,XAUUSD,BUY,4581.91,2026-08-21T08:35:03.663949+00:00,7.21791,0.0,stop_first,0.0,TREND,1.0
388639671,XAUUSD,BUY,4581.94,2026-08-21T09:50:00.661327+00:00,10.16,0.0,stop_first,0.0,TREND,1.0
388639647,XAUUSD,BUY,4582.13,2026-08-21T08:40:09.653986+00:00,7.46863,0.0,stop_first,0.0,TREND,1.0
388639681,XAUUSD,BUY,4582.85,2026-08-21T10:15:05.624508+00:00,10.46,0.0,stop_first,0.0,TREND,1.0
388639758,XAUUSD,BUY,4583.76,2026-08-21T13:30:00.679334+00:00,12.76,,both_touched_same_bar,0.0,TREND,1.0
388639683,XAUUSD,BUY,4584.03,2026-08-21T10:20:16.679033+00:00,10.72,0.0,stop_first,0.0,TREND,1.0
388639677,XAUUSD,BUY,4584.12,2026-08-21T10:05:17.677625+00:00,10.18,0.0,stop_first,0.0,TREND,1.0
388639673,XAUUSD,BUY,4584.65,2026-08-21T09:55:03.652872+00:00,9.94,0.0,stop_first,0.0,TREND,1.0
388639768,XAUUSD,BUY,4584.74,2026-08-21T13:55:10.653314+00:00,15.68,,both_touched_same_bar,0.0,TREND,1.0
388639752,XAUUSD,BUY,4586.52,2026-08-21T13:20:10.731102+00:00,13.32,,both_touched_same_bar,0.0,TREND,1.0
388639687,XAUUSD,BUY,4586.93,2026-08-21T10:30:00.653511+00:00,10.26,0.0,stop_first,0.0,TREND,1.0
388639685,XAUUSD,BUY,4587.26,2026-08-21T10:25:26.679532+00:00,10.56,0.0,stop_first,0.0,TREND,1.0
388639762,XAUUSD,BUY,4587.43,2026-08-21T13:40:11.656930+00:00,14.84,0.0,stop_first,0.0,REVERSAL,1.0
388639675,XAUUSD,BUY,4588.47,2026-08-21T10:00:10.714820+00:00,10.56,0.0,stop_first,0.0,TREND,1.0
388639774,XAUUSD,BUY,4589.06,2026-08-21T14:10:04.642085+00:00,10.81714,0.0,stop_first,0.0,TREND,1.0
388639764,XAUUSD,BUY,4589.99,2026-08-21T13:45:00.740557+00:00,14.92,0.0,stop_first,0.0,REVERSAL,1.0
388639792,XAUUSD,BUY,4590.06,2026-08-21T15:00:00.656478+00:00,16.04,0.0,stop_first,0.0,PULLBACK,1.0
388639695,XAUUSD,BUY,4590.18,2026-08-21T10:50:15.666447+00:00,9.38,0.0,stop_first,0.0,TREND,1.0
388639790,XAUUSD,BUY,4590.71,2026-08-21T14:56:00.698733+00:00,16.4,0.0,stop_first,0.0,PULLBACK,1.0
388639657,XAUUSD,BUY,4590.97,2026-08-21T09:06:00.685840+00:00,7.11517,,both_touched_same_bar,0.0,TREND,1.0
388639689,XAUUSD,BUY,4591.05,2026-08-21T10:35:00.625176+00:00,10.08,0.0,stop_first,0.0,TREND,1.0
388639788,XAUUSD,BUY,4591.21,2026-08-21T14:50:30.709412+00:00,16.24,0.0,stop_first,0.0,REVERSAL,1.0
388639693,XAUUSD,BUY,4591.91,2026-08-21T10:45:07.631906+00:00,9.7,0.0,stop_first,0.0,TREND,1.0
388639691,XAUUSD,BUY,4592.61,2026-08-21T10:40:00.625561+00:00,10.04,0.0,stop_first,0.0,TREND,1.0
388639699,XAUUSD,BUY,4593.29,2026-08-21T11:01:00.662102+00:00,6.76262,0.0,stop_first,0.0,TREND,1.0
388639704,XAUUSD,BUY,4593.9,2026-08-21T11:15:02.625792+00:00,6.75591,0.0,stop_first,0.0,TREND,1.0
388639701,XAUUSD,BUY,4594.55,2026-08-21T11:06:00.727990+00:00,6.78914,0.0,stop_first,0.0,TREND,1.0
388639724,XAUUSD,BUY,4595.65,2026-08-21T12:05:15.668842+00:00,10.38,0.0,stop_first,0.0,TREND,1.0
388639778,XAUUSD,BUY,4597.1,2026-08-21T14:20:00.684304+00:00,10.52584,0.0,stop_first,0.0,REVERSAL,1.0
388639794,XAUUSD,BUY,4597.41,2026-08-21T15:05:00.651716+00:00,15.96,0.0,stop_first,0.0,PULLBACK,1.0
388639798,XAUUSD,BUY,4597.45,2026-08-21T15:15:18.715162+00:00,227.66596,,no_touch_in_horizon,12.0,RANGE,1.0
388639716,XAUUSD,BUY,4597.75,2026-08-21T11:45:03.665346+00:00,10.12,0.0,stop_first,0.0,TREND,1.0
388639659,XAUUSD,BUY,4598.05,2026-08-21T09:10:00.629921+00:00,7.31826,0.0,stop_first,0.0,TREND,1.0
388639720,XAUUSD,BUY,4598.24,2026-08-21T11:55:02.624652+00:00,9.8,0.0,stop_first,0.0,TREND,1.0
388639706,XAUUSD,BUY,4598.94,2026-08-21T11:20:08.670847+00:00,6.95103,0.0,stop_first,0.0,TREND,1.0
388639718,XAUUSD,BUY,4598.85,2026-08-21T11:50:00.635701+00:00,10.14,0.0,stop_first,0.0,TREND,1.0
388639800,XAUUSD,BUY,4599.89,2026-08-21T15:20:25.689401+00:00,211.88572,,no_touch_in_horizon,12.0,RANGE,1.0
388639722,XAUUSD,BUY,4600.25,2026-08-21T12:00:08.629999+00:00,10.06,0.0,stop_first,0.0,TREND,1.0
388639661,XAUUSD,BUY,4601.27,2026-08-21T09:15:00.634095+00:00,7.36314,0.0,stop_first,0.0,TREND,1.0
388639804,XAUUSD,BUY,4603.62,2026-08-21T23:21:33.565306+00:00,46.16,,insufficient_forward,,,1.0
388639712,XAUUSD,BUY,4604.24,2026-08-21T11:35:29.755189+00:00,7.51841,0.0,stop_first,0.0,TREND,1.0
1515826,XAUUSD,SELL,4313.8,2026-08-14T02:55:00.558440+00:00,11.34,0.0,stop_first,0.0,PULLBACK,1.0
1515815,XAUUSD,SELL,4316.18,2026-08-14T02:20:00.561499+00:00,12.0,0.0,stop_first,0.0,PULLBACK,1.0
1515817,XAUUSD,SELL,4318.08,2026-08-14T02:25:14.558720+00:00,11.58,0.0,stop_first,0.0,PULLBACK,1.0
1515810,XAUUSD,SELL,4318.6,2026-08-14T02:05:16.555107+00:00,12.72,0.0,stop_first,0.0,PULLBACK,1.0
1515808,XAUUSD,SELL,4320.19,2026-08-14T02:00:00.561244+00:00,12.66,0.0,stop_first,0.0,PULLBACK,1.0
1515819,XAUUSD,SELL,4320.82,2026-08-14T02:30:30.613770+00:00,12.36,0.0,stop_first,0.0,PULLBACK,1.0
1515821,XAUUSD,SELL,4321.15,2026-08-14T02:35:00.564649+00:00,12.22,0.0,stop_first,0.0,PULLBACK,1.0
1514460,XAUUSD,SELL,4324.85,2026-08-10T14:05:00.546051+00:00,10.8,1.0,target_first,0.0,REVERSAL,1.0
1514458,XAUUSD,SELL,4325.12,2026-08-10T14:01:00.605709+00:00,11.14,1.0,target_first,0.0,REVERSAL,1.0
1514425,XAUUSD,SELL,4325.36,2026-08-10T12:25:16.583060+00:00,7.3,1.0,target_first,0.0,REVERSAL,1.0
1514462,XAUUSD,SELL,4326.4,2026-08-10T14:10:08.557936+00:00,10.64,1.0,target_first,0.0,REVERSAL,1.0
1514423,XAUUSD,SELL,4328.74,2026-08-10T12:20:01.564702+00:00,7.0,1.0,target_first,0.0,REVERSAL,1.0
1514421,XAUUSD,SELL,4330.12,2026-08-10T12:15:26.596764+00:00,6.98,1.0,target_first,0.0,REVERSAL,1.0
1514429,XAUUSD,SELL,4330.11,2026-08-10T12:35:00.549980+00:00,7.54,1.0,target_first,0.0,REVERSAL,1.0
1514433,XAUUSD,SELL,4330.4,2026-08-10T12:45:08.569881+00:00,7.58,1.0,target_first,0.0,TREND,1.0
1514427,XAUUSD,SELL,4330.86,2026-08-10T12:31:00.588761+00:00,7.54,1.0,target_first,0.0,REVERSAL,1.0
1514439,XAUUSD,SELL,4331.09,2026-08-10T13:00:02.567213+00:00,8.02,1.0,target_first,0.0,TREND,1.0
1514441,XAUUSD,SELL,4331.66,2026-08-10T13:05:01.554360+00:00,8.52,1.0,target_first,0.0,TREND,1.0
1514435,XAUUSD,SELL,4331.94,2026-08-10T12:50:28.578323+00:00,7.6,1.0,target_first,0.0,TREND,1.0
1514431,XAUUSD,SELL,4332.1,2026-08-10T12:40:00.559810+00:00,7.56,1.0,target_first,0.0,REVERSAL,1.0
1514419,XAUUSD,SELL,4332.63,2026-08-10T12:10:06.557847+00:00,6.84,1.0,target_first,0.0,REVERSAL,1.0
1514464,XAUUSD,SELL,4332.57,2026-08-10T14:15:30.575994+00:00,10.94,1.0,target_first,0.0,REVERSAL,1.0
1514466,XAUUSD,SELL,4332.99,2026-08-10T14:20:00.560118+00:00,11.08,,both_touched_same_bar,0.0,REVERSAL,1.0
1514417,XAUUSD,SELL,4333.07,2026-08-10T12:05:00.560952+00:00,6.56,1.0,target_first,0.0,REVERSAL,1.0
1514415,XAUUSD,SELL,4333.68,2026-08-10T12:01:00.585442+00:00,6.66,1.0,target_first,0.0,REVERSAL,1.0
1517114,XAUUSD,SELL,4334.53,2026-08-18T20:55:29.601626+00:00,6.21015,0.0,stop_first,0.0,PULLBACK,1.0
1514413,XAUUSD,SELL,4334.49,2026-08-10T11:55:28.572577+00:00,6.62,1.0,target_first,0.0,REVERSAL,1.0
1517125,XAUUSD,SELL,4334.51,2026-08-18T22:25:00.588813+00:00,6.69017,,no_touch_in_horizon,12.0,PULLBACK,1.0
1514437,XAUUSD,SELL,4334.63,2026-08-10T12:56:00.578757+00:00,7.92,1.0,target_first,0.0,TREND,1.0
1517123,XAUUSD,SELL,4334.7,2026-08-18T22:20:00.576656+00:00,6.56065,,no_touch_in_horizon,12.0,PULLBACK,1.0
1517127,XAUUSD,SELL,4335.36,2026-08-18T22:30:07.596451+00:00,6.35294,1.0,target_first,11.0,RANGE,1.0
1514411,XAUUSD,SELL,4335.41,2026-08-10T11:50:06.559100+00:00,6.84,1.0,target_first,0.0,REVERSAL,1.0
1514405,XAUUSD,SELL,4336.3,2026-08-10T11:35:26.602501+00:00,6.22,1.0,target_first,0.0,REVERSAL,1.0
1514409,XAUUSD,SELL,4336.7,2026-08-10T11:45:00.562607+00:00,6.24,1.0,target_first,0.0,REVERSAL,1.0
1514443,XAUUSD,SELL,4337.06,2026-08-10T13:10:17.586094+00:00,8.7,1.0,target_first,0.0,REVERSAL,1.0
1517105,XAUUSD,SELL,4337.38,2026-08-18T20:30:09.584869+00:00,6.13167,1.0,target_first,2.0,RANGE,1.0
1514407,XAUUSD,SELL,4337.53,2026-08-10T11:41:00.592842+00:00,6.4,1.0,target_first,0.0,REVERSAL,1.0
1517107,XAUUSD,SELL,4338.15,2026-08-18T20:35:00.606927+00:00,6.0306,1.0,target_first,0.0,RANGE,1.0
1517121,XAUUSD,SELL,4339.17,2026-08-18T22:16:00.598782+00:00,6.32974,1.0,target_first,4.0,PULLBACK,1.0
1517215,XAUUSD,SELL,4340.52,2026-08-19T05:20:05.719967+00:00,6.72,0.0,stop_first,11.0,REVERSAL,1.0
1517223,XAUUSD,SELL,4340.92,2026-08-19T05:40:11.686880+00:00,7.96,,no_touch_in_horizon,12.0,RANGE,1.0
1517219,XAUUSD,SELL,4340.99,2026-08-19T05:30:00.665774+00:00,7.66,,no_touch_in_horizon,12.0,RANGE,1.0
1517217,XAUUSD,SELL,4341.54,2026-08-19T05:25:15.606375+00:00,6.74,0.0,stop_first,10.0,TREND,1.0
1517117,XAUUSD,SELL,4342.31,2026-08-18T22:05:18.603133+00:00,6.70605,1.0,target_first,2.0,RANGE,1.0
1517098,XAUUSD,SELL,4342.41,2026-08-18T20:10:11.587155+00:00,6.26994,1.0,target_first,1.0,TREND,1.0
1517119,XAUUSD,SELL,4342.48,2026-08-18T22:10:30.611018+00:00,6.37453,1.0,target_first,1.0,PULLBACK,1.0
1517235,XAUUSD,SELL,4342.59,2026-08-19T06:15:00.646841+00:00,9.02,0.0,stop_first,9.0,REVERSAL,1.0
1517096,XAUUSD,SELL,4344.0,2026-08-18T20:05:03.579534+00:00,6.47282,1.0,target_first,2.0,REVERSAL,1.0
1517094,XAUUSD,SELL,4345.17,2026-08-18T20:00:00.572668+00:00,6.71696,1.0,target_first,3.0,TREND,1.0
1515738,XAUUSD,SELL,4348.47,2026-08-13T19:55:18.571101+00:00,6.9,0.0,stop_first,0.0,PULLBACK,1.0
1515734,XAUUSD,SELL,4348.61,2026-08-13T19:45:12.558841+00:00,7.26,0.0,stop_first,0.0,PULLBACK,1.0
1514522,XAUUSD,SELL,4352.67,2026-08-10T16:40:30.599202+00:00,9.84,1.0,target_first,0.0,REVERSAL,1.0
1514526,XAUUSD,SELL,4352.89,2026-08-10T16:50:00.554019+00:00,9.28,1.0,target_first,0.0,REVERSAL,1.0
1514528,XAUUSD,SELL,4353.37,2026-08-10T16:55:15.557708+00:00,9.0,1.0,target_first,0.0,REVERSAL,1.0
1517081,XAUUSD,SELL,4356.11,2026-08-18T19:05:26.601922+00:00,5.46118,1.0,target_first,6.0,PULLBACK,1.0
1517079,XAUUSD,SELL,4356.13,2026-08-18T19:00:10.587106+00:00,5.63026,1.0,target_first,7.0,RANGE,1.0
1515690,XAUUSD,SELL,4358.1,2026-08-13T16:25:14.575248+00:00,11.98,0.0,stop_first,0.0,PULLBACK,1.0
1514831,XAUUSD,SELL,4359.99,2026-08-11T08:00:03.572109+00:00,14.24,0.0,stop_first,0.0,RANGE,1.0
1517015,XAUUSD,SELL,4360.22,2026-08-18T15:30:15.616352+00:00,13.67273,,no_touch_in_horizon,12.0,TREND,1.0
1515672,XAUUSD,SELL,4360.48,2026-08-13T15:31:00.593672+00:00,9.86918,0.0,stop_first,0.0,RANGE,1.0
1514827,XAUUSD,SELL,4361.32,2026-08-11T07:51:00.577860+00:00,15.34,0.0,stop_first,1.0,RANGE,1.0
1514795,XAUUSD,SELL,4361.88,2026-08-11T06:30:09.574376+00:00,28.74,0.0,stop_first,0.0,PULLBACK,1.0
1517021,XAUUSD,SELL,4362.55,2026-08-18T15:45:01.570615+00:00,12.45858,,no_touch_in_horizon,12.0,PULLBACK,1.0
1514809,XAUUSD,SELL,4363.08,2026-08-11T07:05:25.580110+00:00,21.94,0.0,stop_first,10.0,RANGE,1.0
1514987,XAUUSD,SELL,4363.31,2026-08-11T18:05:24.575857+00:00,8.14,0.0,stop_first,4.0,RANGE,1.0
1514993,XAUUSD,SELL,4363.44,2026-08-11T18:20:02.563227+00:00,8.38,0.0,stop_first,1.0,RANGE,1.0
1517039,XAUUSD,SELL,4363.39,2026-08-18T16:35:00.574043+00:00,9.28919,,no_touch_in_horizon,12.0,PULLBACK,1.0
1515684,XAUUSD,SELL,4363.43,2026-08-13T16:05:14.575143+00:00,12.3,0.0,stop_first,0.0,RANGE,1.0
1515694,XAUUSD,SELL,4363.71,2026-08-13T16:36:00.585989+00:00,11.68,0.0,stop_first,0.0,PULLBACK,1.0
1517025,XAUUSD,SELL,4363.82,2026-08-18T15:55:00.576223+00:00,11.78608,,no_touch_in_horizon,12.0,PULLBACK,1.0
1514989,XAUUSD,SELL,4363.87,2026-08-11T18:10:06.554712+00:00,8.36,0.0,stop_first,3.0,RANGE,1.0
1515696,XAUUSD,SELL,4363.87,2026-08-13T16:40:00.552010+00:00,11.1,0.0,stop_first,0.0,PULLBACK,1.0
1515692,XAUUSD,SELL,4364.08,2026-08-13T16:30:29.562500+00:00,12.04,0.0,stop_first,0.0,PULLBACK,1.0
1514805,XAUUSD,SELL,4364.07,2026-08-11T06:55:20.571186+00:00,23.7,,no_touch_in_horizon,12.0,PULLBACK,1.0
1514817,XAUUSD,SELL,4364.26,2026-08-11T07:26:00.591906+00:00,18.9,0.0,stop_first,6.0,RANGE,1.0
1514995,XAUUSD,SELL,4364.42,2026-08-11T18:25:19.566894+00:00,7.94,0.0,stop_first,0.0,TREND,1.0
1514991,XAUUSD,SELL,4364.67,2026-08-11T18:15:00.569980+00:00,8.14,0.0,stop_first,3.0,PULLBACK,1.0
1517023,XAUUSD,SELL,4364.72,2026-08-18T15:50:09.577965+00:00,12.30195,,no_touch_in_horizon,12.0,TREND,1.0
1515009,XAUUSD,SELL,4364.84,2026-08-11T19:05:24.595240+00:00,7.54,0.0,stop_first,0.0,TREND,1.0
1514997,XAUUSD,SELL,4364.9,2026-08-11T18:31:00.592677+00:00,8.42,0.0,stop_first,0.0,TREND,1.0
1515682,XAUUSD,SELL,4365.15,2026-08-13T16:00:00.560173+00:00,12.62,0.0,stop_first,0.0,RANGE,1.0
1517032,XAUUSD,SELL,4365.4,2026-08-18T16:15:22.597141+00:00,10.43744,,no_touch_in_horizon,12.0,PULLBACK,1.0
1515680,XAUUSD,SELL,4365.4,2026-08-13T15:56:00.585792+00:00,12.84,0.0,stop_first,0.0,RANGE,1.0
1514807,XAUUSD,SELL,4365.53,2026-08-11T07:00:03.564091+00:00,22.62,0.0,stop_first,11.0,PULLBACK,1.0
1515675,XAUUSD,SELL,4365.57,2026-08-13T15:36:00.382390+00:00,14.28,0.0,stop_first,0.0,PULLBACK,1.0
1514801,XAUUSD,SELL,4366.05,2026-08-11T06:45:21.570758+00:00,25.46,,no_touch_in_horizon,12.0,PULLBACK,1.0
1515537,XAUUSD,SELL,4366.34,2026-08-13T08:16:00.631982+00:00,8.46,0.0,stop_first,0.0,RANGE,1.0
1514797,XAUUSD,SELL,4366.34,2026-08-11T06:35:21.579226+00:00,27.8,,no_touch_in_horizon,12.0,PULLBACK,1.0
1517036,XAUUSD,SELL,4366.62,2026-08-18T16:25:09.572449+00:00,9.62746,,no_touch_in_horizon,12.0,RANGE,1.0
1514803,XAUUSD,SELL,4367.18,2026-08-11T06:50:00.562715+00:00,24.0,,no_touch_in_horizon,12.0,PULLBACK,1.0
1517028,XAUUSD,SELL,4367.29,2026-08-18T16:05:06.578417+00:00,10.92601,,no_touch_in_horizon,12.0,RANGE,1.0
1517041,XAUUSD,SELL,4367.49,2026-08-18T16:40:06.578971+00:00,9.02531,,no_touch_in_horizon,12.0,PULLBACK,1.0
1514985,XAUUSD,SELL,4367.71,2026-08-11T18:00:02.553986+00:00,7.74,1.0,target_first,3.0,RANGE,1.0
1515647,XAUUSD,SELL,4368.04,2026-08-13T14:10:00.565822+00:00,9.73998,0.0,stop_first,0.0,RANGE,1.0
1514799,XAUUSD,SELL,4368.09,2026-08-11T06:40:00.562065+00:00,26.28,,no_touch_in_horizon,12.0,PULLBACK,1.0
1515539,XAUUSD,SELL,4368.37,2026-08-13T08:20:00.569177+00:00,8.44,0.0,stop_first,0.0,PULLBACK,1.0
1514999,XAUUSD,SELL,4368.43,2026-08-11T18:35:00.552321+00:00,8.36,,no_touch_in_horizon,12.0,TREND,1.0
1515533,XAUUSD,SELL,4368.83,2026-08-13T08:05:15.571485+00:00,8.76,0.0,stop_first,0.0,RANGE,1.0
1517034,XAUUSD,SELL,4368.86,2026-08-18T16:20:01.581530+00:00,9.96021,,no_touch_in_horizon,12.0,TREND,1.0
1515499,XAUUSD,SELL,4369.52,2026-08-13T06:35:00.558699+00:00,7.53343,0.0,stop_first,0.0,PULLBACK,1.0
1515001,XAUUSD,SELL,4369.46,2026-08-11T18:40:00.553451+00:00,8.36,,no_touch_in_horizon,12.0,RANGE,1.0
1517030,XAUUSD,SELL,4369.99,2026-08-18T16:10:14.587938+00:00,10.64753,,no_touch_in_horizon,12.0,TREND,1.0
1515003,XAUUSD,SELL,4371.62,2026-08-11T18:45:19.591330+00:00,8.18,1.0,target_first,3.0,TREND,1.0
1516414,XAUUSD,SELL,4371.75,2026-08-16T23:55:23.092940+00:00,7.22,0.0,stop_first,2.0,REVERSAL,1.0
1516411,XAUUSD,SELL,4371.81,2026-08-16T23:50:07.575479+00:00,7.48,0.0,stop_first,3.0,REVERSAL,1.0
1516409,XAUUSD,SELL,4371.98,2026-08-16T23:45:00.549495+00:00,7.46,0.0,stop_first,4.0,REVERSAL,1.0
1515541,XAUUSD,SELL,4372.15,2026-08-13T08:25:16.569329+00:00,8.52,0.0,stop_first,5.0,RANGE,1.0
1514793,XAUUSD,SELL,4372.33,2026-08-11T06:25:00.560590+00:00,28.88,,no_touch_in_horizon,12.0,PULLBACK,1.0
1515649,XAUUSD,SELL,4372.63,2026-08-13T14:15:12.574489+00:00,14.06,0.0,stop_first,0.0,PULLBACK,1.0
1515655,XAUUSD,SELL,4372.64,2026-08-13T14:30:03.551139+00:00,15.7,0.0,stop_first,0.0,PULLBACK,1.0
1515639,XAUUSD,SELL,4372.73,2026-08-13T13:50:13.558092+00:00,9.38857,0.0,stop_first,0.0,TREND,1.0
1514777,XAUUSD,SELL,4372.76,2026-08-11T05:45:04.565369+00:00,41.56,,no_touch_in_horizon,12.0,PULLBACK,1.0
1515543,XAUUSD,SELL,4373.01,2026-08-13T08:30:30.585862+00:00,8.32,0.0,stop_first,4.0,RANGE,1.0
1515501,XAUUSD,SELL,4373.04,2026-08-13T06:40:19.587774+00:00,10.36,0.0,stop_first,0.0,PULLBACK,1.0
1516418,XAUUSD,SELL,4373.18,2026-08-17T00:05:00.575786+00:00,7.78,0.0,stop_first,1.0,REVERSAL,1.0
1516416,XAUUSD,SELL,4373.53,2026-08-17T00:01:00.595610+00:00,7.64,0.0,stop_first,2.0,REVERSAL,1.0
1515523,XAUUSD,SELL,4373.83,2026-08-13T07:31:00.578660+00:00,8.38,0.0,stop_first,0.0,RANGE,1.0
1515653,XAUUSD,SELL,4374.64,2026-08-13T14:25:00.565959+00:00,13.76,,both_touched_same_bar,0.0,PULLBACK,1.0
1515643,XAUUSD,SELL,4374.75,2026-08-13T14:00:00.563226+00:00,13.04,0.0,stop_first,0.0,RANGE,1.0
1515495,XAUUSD,SELL,4375.14,2026-08-13T06:26:00.583083+00:00,10.52,0.0,stop_first,0.0,PULLBACK,1.0
1515518,XAUUSD,SELL,4375.24,2026-08-13T07:20:14.566742+00:00,8.62,0.0,stop_first,0.0,PULLBACK,1.0
1515525,XAUUSD,SELL,4375.64,2026-08-13T07:35:00.554823+00:00,8.52,0.0,stop_first,0.0,PULLBACK,1.0
1515521,XAUUSD,SELL,4376.3,2026-08-13T07:25:27.585808+00:00,8.4,0.0,stop_first,0.0,PULLBACK,1.0
1515493,XAUUSD,SELL,4376.29,2026-08-13T06:20:19.587954+00:00,10.6,0.0,stop_first,0.0,PULLBACK,1.0
1515516,XAUUSD,SELL,4376.39,2026-08-13T07:15:00.561937+00:00,8.72,0.0,stop_first,0.0,PULLBACK,1.0
1515657,XAUUSD,SELL,4376.5,2026-08-13T14:35:00.557134+00:00,15.38,0.0,stop_first,0.0,PULLBACK,1.0
1514775,XAUUSD,SELL,4376.8,2026-08-11T05:40:27.595973+00:00,43.48,,no_touch_in_horizon,12.0,PULLBACK,1.0
1514955,XAUUSD,SELL,4376.91,2026-08-11T15:51:00.582694+00:00,12.24,1.0,target_first,6.0,REVERSAL,1.0
1515514,XAUUSD,SELL,4377.09,2026-08-13T07:11:00.592388+00:00,8.74,0.0,stop_first,0.0,PULLBACK,1.0
1515645,XAUUSD,SELL,4377.06,2026-08-13T14:05:00.584742+00:00,13.74,0.0,stop_first,0.0,RANGE,1.0
1515651,XAUUSD,SELL,4377.23,2026-08-13T14:20:21.580553+00:00,14.04,0.0,stop_first,0.0,RANGE,1.0
1515503,XAUUSD,SELL,4377.3,2026-08-13T06:46:00.599428+00:00,10.2,0.0,stop_first,0.0,PULLBACK,1.0
1515660,XAUUSD,SELL,4377.26,2026-08-13T14:40:11.553344+00:00,15.1,0.0,stop_first,0.0,PULLBACK,1.0
1514783,XAUUSD,SELL,4377.34,2026-08-11T06:00:00.563171+00:00,35.88,,no_touch_in_horizon,12.0,PULLBACK,1.0
1515497,XAUUSD,SELL,4377.43,2026-08-13T06:31:00.604873+00:00,10.42,0.0,stop_first,0.0,PULLBACK,1.0
1514771,XAUUSD,SELL,4377.53,2026-08-11T05:30:01.566101+00:00,47.94,,no_touch_in_horizon,12.0,PULLBACK,1.0
1515488,XAUUSD,SELL,4377.73,2026-08-13T06:11:00.608202+00:00,7.65352,0.0,stop_first,0.0,PULLBACK,1.0
1515490,XAUUSD,SELL,4378.09,2026-08-13T06:15:00.555625+00:00,10.84,0.0,stop_first,0.0,PULLBACK,1.0
1515641,XAUUSD,SELL,4378.08,2026-08-13T13:55:24.565218+00:00,13.22,0.0,stop_first,1.0,TREND,1.0
1515485,XAUUSD,SELL,4378.2,2026-08-13T06:05:30.577503+00:00,11.08,0.0,stop_first,0.0,PULLBACK,1.0
1515505,XAUUSD,SELL,4379.0,2026-08-13T06:51:00.578193+00:00,9.96,0.0,stop_first,0.0,PULLBACK,1.0
1515512,XAUUSD,SELL,4379.28,2026-08-13T07:06:00.589550+00:00,9.1,0.0,stop_first,0.0,PULLBACK,1.0
1514785,XAUUSD,SELL,4379.62,2026-08-11T06:05:04.555540+00:00,34.12,,no_touch_in_horizon,12.0,PULLBACK,1.0
1514964,XAUUSD,SELL,4380.44,2026-08-11T16:20:00.551593+00:00,10.38,1.0,target_first,0.0,REVERSAL,1.0
1515507,XAUUSD,SELL,4380.81,2026-08-13T06:55:00.557601+00:00,9.52,0.0,stop_first,0.0,PULLBACK,1.0
1515510,XAUUSD,SELL,4381.3,2026-08-13T07:00:18.613080+00:00,9.32,0.0,stop_first,0.0,PULLBACK,1.0
1514787,XAUUSD,SELL,4381.43,2026-08-11T06:10:26.593136+00:00,32.64,,no_touch_in_horizon,12.0,PULLBACK,1.0
1516609,XAUUSD,SELL,4381.55,2026-08-17T12:50:00.731984+00:00,10.189,0.0,stop_first,8.0,TREND,1.0
1515483,XAUUSD,SELL,4382.66,2026-08-13T06:00:19.569626+00:00,7.36942,0.0,stop_first,0.0,PULLBACK,1.0
1516619,XAUUSD,SELL,4383.56,2026-08-17T13:15:00.613010+00:00,10.92,0.0,stop_first,5.0,REVERSAL,1.0
1515163,XAUUSD,SELL,4384.01,2026-08-12T05:51:00.564840+00:00,7.72,,both_touched_same_bar,0.0,REVERSAL,1.0
1516613,XAUUSD,SELL,4384.19,2026-08-17T13:00:10.783159+00:00,10.776,0.0,stop_first,8.0,TREND,1.0
1516615,XAUUSD,SELL,4384.51,2026-08-17T13:05:24.812339+00:00,10.8,0.0,stop_first,7.0,TREND,1.0
1516611,XAUUSD,SELL,4385.03,2026-08-17T12:55:03.734392+00:00,10.656,0.0,stop_first,10.0,TREND,1.0
1515437,XAUUSD,SELL,4392.84,2026-08-13T04:20:00.552911+00:00,8.28,0.0,stop_first,0.0,RANGE,1.0
1516874,XAUUSD,SELL,4393.36,2026-08-18T04:40:21.641318+00:00,6.808,1.0,target_first,9.0,TREND,1.0
1515473,XAUUSD,SELL,4394.44,2026-08-13T05:40:15.932493+00:00,9.76,,both_touched_same_bar,0.0,PULLBACK,1.0
1516877,XAUUSD,SELL,4394.48,2026-08-18T04:51:00.643662+00:00,7.225,1.0,target_first,7.0,REVERSAL,1.0
1515457,XAUUSD,SELL,4396.02,2026-08-13T05:06:00.571502+00:00,7.32,0.0,stop_first,0.0,PULLBACK,1.0
1515454,XAUUSD,SELL,4396.08,2026-08-13T05:01:00.588208+00:00,7.48,0.0,stop_first,0.0,PULLBACK,1.0
1515455,XAUUSD,SELL,4396.08,2026-08-13T05:01:00.657560+00:00,7.48,0.0,stop_first,0.0,PULLBACK,1.0
1515449,XAUUSD,SELL,4397.43,2026-08-13T04:51:00.588328+00:00,7.52,0.0,stop_first,0.0,PULLBACK,1.0
1515447,XAUUSD,SELL,4397.62,2026-08-13T04:45:20.573709+00:00,7.74,0.0,stop_first,0.0,PULLBACK,1.0
1515469,XAUUSD,SELL,4398.05,2026-08-13T05:30:00.548229+00:00,8.9,0.0,stop_first,0.0,PULLBACK,1.0
1515439,XAUUSD,SELL,4398.36,2026-08-13T04:25:15.563346+00:00,8.4,0.0,stop_first,0.0,TREND,1.0
1514698,XAUUSD,SELL,4398.64,2026-08-11T01:00:03.569823+00:00,9.16,,both_touched_same_bar,0.0,REVERSAL,1.0
1515471,XAUUSD,SELL,4398.74,2026-08-13T05:35:01.560812+00:00,9.16,,both_touched_same_bar,0.0,PULLBACK,1.0
1515445,XAUUSD,SELL,4399.1,2026-08-13T04:40:00.555452+00:00,7.56,0.0,stop_first,0.0,PULLBACK,1.0
1515441,XAUUSD,SELL,4399.11,2026-08-13T04:30:29.578835+00:00,8.06,0.0,stop_first,0.0,PULLBACK,1.0
1515459,XAUUSD,SELL,4399.25,2026-08-13T05:10:00.575001+00:00,7.52,0.0,stop_first,0.0,PULLBACK,1.0
1515443,XAUUSD,SELL,4399.34,2026-08-13T04:36:00.581925+00:00,7.8,0.0,stop_first,0.0,RANGE,1.0
1515462,XAUUSD,SELL,4401.51,2026-08-13T05:15:13.578807+00:00,8.34,0.0,stop_first,0.0,PULLBACK,1.0
1516848,XAUUSD,SELL,4402.01,2026-08-18T03:05:05.579349+00:00,9.775,1.0,target_first,8.0,PULLBACK,1.0
1516726,XAUUSD,SELL,4402.52,2026-08-17T18:46:00.596022+00:00,9.706,0.0,stop_first,5.0,REVERSAL,1.0
1515465,XAUUSD,SELL,4402.94,2026-08-13T05:20:29.576588+00:00,8.12,0.0,stop_first,0.0,PULLBACK,1.0
1516724,XAUUSD,SELL,4403.17,2026-08-17T18:40:27.595340+00:00,9.637,0.0,stop_first,6.0,REVERSAL,1.0
1516846,XAUUSD,SELL,4403.16,2026-08-18T03:00:00.572548+00:00,10.488,1.0,target_first,9.0,PULLBACK,1.0
1514700,XAUUSD,SELL,4404.15,2026-08-11T01:05:24.593424+00:00,9.92,,both_touched_same_bar,0.0,REVERSAL,1.0
1516729,XAUUSD,SELL,4404.42,2026-08-17T19:00:07.584134+00:00,9.672,0.0,stop_first,2.0,REVERSAL,1.0
1515467,XAUUSD,SELL,4405.87,2026-08-13T05:26:00.590981+00:00,8.16,1.0,target_first,0.0,PULLBACK,1.0
1515417,XAUUSD,SELL,4405.99,2026-08-13T03:10:30.579068+00:00,11.38,0.0,stop_first,0.0,PULLBACK,1.0
1515419,XAUUSD,SELL,4406.46,2026-08-13T03:16:00.600734+00:00,10.88,0.0,stop_first,0.0,PULLBACK,1.0
1516728,XAUUSD,SELL,4407.11,2026-08-17T18:51:00.594914+00:00,10.248,0.0,stop_first,6.0,REVERSAL,1.0
1515403,XAUUSD,SELL,4407.56,2026-08-13T02:40:00.568461+00:00,12.64,0.0,stop_first,2.0,PULLBACK,1.0
1515411,XAUUSD,SELL,4407.82,2026-08-13T02:56:00.575666+00:00,11.76,0.0,stop_first,0.0,PULLBACK,1.0
1515415,XAUUSD,SELL,4408.45,2026-08-13T03:05:15.565941+00:00,11.36,0.0,stop_first,0.0,PULLBACK,1.0
1515406,XAUUSD,SELL,4409.3,2026-08-13T02:45:14.560277+00:00,12.4,0.0,stop_first,1.0,PULLBACK,1.0
1515408,XAUUSD,SELL,4409.38,2026-08-13T02:50:29.602647+00:00,11.82,0.0,stop_first,0.0,PULLBACK,1.0
1515413,XAUUSD,SELL,4410.87,2026-08-13T03:00:00.562010+00:00,11.52,0.0,stop_first,1.0,PULLBACK,1.0
388639323,XAUUSD,SELL,4461.66,2026-08-20T12:10:06.650740+00:00,11.14,0.0,stop_first,0.0,TREND,1.0
388639335,XAUUSD,SELL,4463.68,2026-08-20T12:40:04.668234+00:00,12.72,0.0,stop_first,0.0,REVERSAL,1.0
388639327,XAUUSD,SELL,4464.19,2026-08-20T12:20:26.702558+00:00,11.68,0.0,stop_first,0.0,TREND,1.0
388639325,XAUUSD,SELL,4464.82,2026-08-20T12:15:15.681688+00:00,11.46,0.0,stop_first,0.0,TREND,1.0
388639337,XAUUSD,SELL,4468.19,2026-08-20T12:45:15.680708+00:00,12.98,0.0,stop_first,0.0,REVERSAL,1.0
388639200,XAUUSD,SELL,4494.14,2026-08-20T02:00:02.667545+00:00,11.46,,no_touch_in_horizon,12.0,TREND,1.0
388639734,XAUUSD,SELL,4571.02,2026-08-21T12:35:01.657175+00:00,8.28757,,both_touched_same_bar,0.0,TREND,1.0
388639736,XAUUSD,SELL,4571.79,2026-08-21T12:40:00.689336+00:00,9.01133,,both_touched_same_bar,0.0,TREND,1.0
388639742,XAUUSD,SELL,4575.64,2026-08-21T12:55:30.733953+00:00,12.86,,both_touched_same_bar,0.0,TREND,1.0
388639740,XAUUSD,SELL,4577.16,2026-08-21T12:50:21.728910+00:00,12.86,,both_touched_same_bar,0.0,TREND,1.0
388639738,XAUUSD,SELL,4577.53,2026-08-21T12:45:11.672435+00:00,13.18,,both_touched_same_bar,0.0,TREND,1.0
388639754,XAUUSD,SELL,4582.04,2026-08-21T13:25:18.718357+00:00,12.72,,both_touched_same_bar,0.0,TREND,1.0
